baseline_kind,ci95_high,ci95_low,comparison,delta_max,delta_min,delta_std,experiment_file,experiment_type,feature_set,geometry_weight,limit_per_task,markov_weight,mean_delta,metric,p_one_sided,sample_seed,scope,test_per_task,valid_records,validation_per_task
transition_count,0.012727272727272728,-0.005454545454545455,candidate_length_only_minus_baseline,,,,dta_confirmatory_feature_sweep_transition_count_v20_t50_seed101.json,confirmatory_feature_sweep,length_only,,,,0.0036363636363636364,top1_accuracy,0.3379324135172965,101,test,50,550,20
transition_count,0.007728710762450189,-0.00211977408603466,candidate_length_only_minus_baseline,,,,dta_confirmatory_feature_sweep_transition_count_v20_t50_seed101.json,confirmatory_feature_sweep,length_only,,,,0.0025771956109350365,mrr,0.14117176564687062,101,test,50,550,20
transition_count,0.03506999422883251,0.021064159565638674,candidate_length_only_minus_baseline,,,,dta_confirmatory_feature_sweep_transition_count_v20_t50_seed101.json,confirmatory_feature_sweep,length_only,,,,0.028031991853822453,map,0.0001999600079984003,101,test,50,550,20
transition_count,0.0044526901669758815,0.0013729128014842295,candidate_length_only_minus_baseline,,,,dta_confirmatory_feature_sweep_transition_count_v20_t50_seed101.json,confirmatory_feature_sweep,length_only,,,,0.002857142857142857,recall@10,0.0001999600079984003,101,test,50,550,20
transition_count,0.01090909090909091,-0.005454545454545455,candidate_size_depth_minus_baseline,,,,dta_confirmatory_feature_sweep_transition_count_v20_t50_seed101.json,confirmatory_feature_sweep,size_depth,,,,0.0018181818181818182,top1_accuracy,0.4973005398920216,101,test,50,550,20
transition_count,0.006516646252430678,-0.0027272727272727275,candidate_size_depth_minus_baseline,,,,dta_confirmatory_feature_sweep_transition_count_v20_t50_seed101.json,confirmatory_feature_sweep,size_depth,,,,0.0016648197359518582,mrr,0.2579484103179364,101,test,50,550,20
transition_count,0.0178270686318713,0.009896314281299895,candidate_size_depth_minus_baseline,,,,dta_confirmatory_feature_sweep_transition_count_v20_t50_seed101.json,confirmatory_feature_sweep,size_depth,,,,0.01383648943739575,map,0.0001999600079984003,101,test,50,550,20
transition_count,0.003450834879406308,0.0012615955473098328,candidate_size_depth_minus_baseline,,,,dta_confirmatory_feature_sweep_transition_count_v20_t50_seed101.json,confirmatory_feature_sweep,size_depth,,,,0.0023376623376623377,recall@10,0.0001999600079984003,101,test,50,550,20
transition_count,0.0,0.0,candidate_branching_minus_baseline,,,,dta_confirmatory_feature_sweep_transition_count_v20_t50_seed101.json,confirmatory_feature_sweep,branching,,,,0.0,top1_accuracy,1.0,101,test,50,550,20
transition_count,0.0,0.0,candidate_branching_minus_baseline,,,,dta_confirmatory_feature_sweep_transition_count_v20_t50_seed101.json,confirmatory_feature_sweep,branching,,,,0.0,mrr,1.0,101,test,50,550,20
transition_count,0.0,-6.839769841746815e-08,candidate_branching_minus_baseline,,,,dta_confirmatory_feature_sweep_transition_count_v20_t50_seed101.json,confirmatory_feature_sweep,branching,,,,-2.2799232805822716e-08,map,1.0,101,test,50,550,20
transition_count,0.0,0.0,candidate_branching_minus_baseline,,,,dta_confirmatory_feature_sweep_transition_count_v20_t50_seed101.json,confirmatory_feature_sweep,branching,,,,0.0,recall@10,1.0,101,test,50,550,20
transition_count,0.005454545454545455,0.0,candidate_metric_distortion_minus_baseline,,,,dta_confirmatory_feature_sweep_transition_count_v20_t50_seed101.json,confirmatory_feature_sweep,metric_distortion,,,,0.0018181818181818182,top1_accuracy,0.4953009398120376,101,test,50,550,20
transition_count,0.003634158751696065,-2.2048846675712337e-06,candidate_metric_distortion_minus_baseline,,,,dta_confirmatory_feature_sweep_transition_count_v20_t50_seed101.json,confirmatory_feature_sweep,metric_distortion,,,,0.0013614314789687923,mrr,0.1245750849830034,101,test,50,550,20
transition_count,0.00725573680575816,0.0012855324036864688,candidate_metric_distortion_minus_baseline,,,,dta_confirmatory_feature_sweep_transition_count_v20_t50_seed101.json,confirmatory_feature_sweep,metric_distortion,,,,0.004254854793791211,map,0.0033993201359728054,101,test,50,550,20
transition_count,0.001298701298701299,-0.0002968460111317255,candidate_metric_distortion_minus_baseline,,,,dta_confirmatory_feature_sweep_transition_count_v20_t50_seed101.json,confirmatory_feature_sweep,metric_distortion,,,,0.00048237476808905404,recall@10,0.10817836432713457,101,test,50,550,20
transition_count,0.01090909090909091,-0.0036363636363636364,candidate_shape_minus_baseline,,,,dta_confirmatory_feature_sweep_transition_count_v20_t50_seed101.json,confirmatory_feature_sweep,shape,,,,0.0036363636363636364,top1_accuracy,0.3105378924215157,101,test,50,550,20
transition_count,0.006377318857190244,-0.0016623681653119588,candidate_shape_minus_baseline,,,,dta_confirmatory_feature_sweep_transition_count_v20_t50_seed101.json,confirmatory_feature_sweep,shape,,,,0.0022771831719799324,mrr,0.13697260547890422,101,test,50,550,20
transition_count,0.008494407463148798,0.0022117131411964522,candidate_shape_minus_baseline,,,,dta_confirmatory_feature_sweep_transition_count_v20_t50_seed101.json,confirmatory_feature_sweep,shape,,,,0.00532068570755983,map,0.0007998400319936012,101,test,50,550,20
transition_count,0.002560296846011132,0.0005565862708719851,candidate_shape_minus_baseline,,,,dta_confirmatory_feature_sweep_transition_count_v20_t50_seed101.json,confirmatory_feature_sweep,shape,,,,0.0015584415584415584,recall@10,0.0011997600479904018,101,test,50,550,20
transition_count,0.00909090909090909,0.0,candidate_all_minus_baseline,,,,dta_confirmatory_feature_sweep_transition_count_v20_t50_seed101.json,confirmatory_feature_sweep,all,,,,0.0036363636363636364,top1_accuracy,0.2419516096780644,101,test,50,550,20
transition_count,0.0051512044176004875,0.00014977846277914748,candidate_all_minus_baseline,,,,dta_confirmatory_feature_sweep_transition_count_v20_t50_seed101.json,confirmatory_feature_sweep,all,,,,0.0022713013179059332,mrr,0.0619876024795041,101,test,50,550,20
transition_count,0.010728145397110589,0.004779772280148346,candidate_all_minus_baseline,,,,dta_confirmatory_feature_sweep_transition_count_v20_t50_seed101.json,confirmatory_feature_sweep,all,,,,0.00771096304847825,map,0.0001999600079984003,101,test,50,550,20
transition_count,0.002671614100185529,0.0006679035250463822,candidate_all_minus_baseline,,,,dta_confirmatory_feature_sweep_transition_count_v20_t50_seed101.json,confirmatory_feature_sweep,all,,,,0.0016697588126159556,recall@10,0.0003999200159968006,101,test,50,550,20
transition_count,0.0036363636363636364,-0.007272727272727273,candidate_length_only_minus_baseline,,,,dta_confirmatory_feature_sweep_transition_count_v20_t50_seed202.json,confirmatory_feature_sweep,length_only,,,,-0.0018181818181818182,top1_accuracy,1.0,202,test,50,550,20
transition_count,0.0029136360715308085,-0.004177698483242482,candidate_length_only_minus_baseline,,,,dta_confirmatory_feature_sweep_transition_count_v20_t50_seed202.json,confirmatory_feature_sweep,length_only,,,,-0.0005232986715846055,mrr,1.0,202,test,50,550,20
transition_count,0.03346987807190646,0.022778197931072674,candidate_length_only_minus_baseline,,,,dta_confirmatory_feature_sweep_transition_count_v20_t50_seed202.json,confirmatory_feature_sweep,length_only,,,,0.02810244010583001,map,0.0001999600079984003,202,test,50,550,20
transition_count,0.005046382189239332,0.002040816326530612,candidate_length_only_minus_baseline,,,,dta_confirmatory_feature_sweep_transition_count_v20_t50_seed202.json,confirmatory_feature_sweep,length_only,,,,0.003487940630797774,recall@10,0.0001999600079984003,202,test,50,550,20
transition_count,0.005454545454545455,0.0,candidate_size_depth_minus_baseline,,,,dta_confirmatory_feature_sweep_transition_count_v20_t50_seed202.json,confirmatory_feature_sweep,size_depth,,,,0.0018181818181818182,top1_accuracy,0.4991001799640072,202,test,50,550,20
transition_count,0.0039032021144858463,-0.001065972298134655,candidate_size_depth_minus_baseline,,,,dta_confirmatory_feature_sweep_transition_count_v20_t50_seed202.json,confirmatory_feature_sweep,size_depth,,,,0.001115012959609945,mrr,0.20155968806238753,202,test,50,550,20
transition_count,0.021680863295611814,0.01492360520359519,candidate_size_depth_minus_baseline,,,,dta_confirmatory_feature_sweep_transition_count_v20_t50_seed202.json,confirmatory_feature_sweep,size_depth,,,,0.01833773691026519,map,0.0001999600079984003,202,test,50,550,20
transition_count,0.004230055658627087,0.0018923933209647496,candidate_size_depth_minus_baseline,,,,dta_confirmatory_feature_sweep_transition_count_v20_t50_seed202.json,confirmatory_feature_sweep,size_depth,,,,0.00300556586270872,recall@10,0.0001999600079984003,202,test,50,550,20
transition_count,0.0,-0.005454545454545455,candidate_branching_minus_baseline,,,,dta_confirmatory_feature_sweep_transition_count_v20_t50_seed202.json,confirmatory_feature_sweep,branching,,,,-0.0018181818181818182,top1_accuracy,1.0,202,test,50,550,20
transition_count,0.0005584415584415584,-0.002755620819641306,candidate_branching_minus_baseline,,,,dta_confirmatory_feature_sweep_transition_count_v20_t50_seed202.json,confirmatory_feature_sweep,branching,,,,-0.0006744052572240173,mrr,1.0,202,test,50,550,20
transition_count,0.0004573487267420986,-0.00034232796797838074,candidate_branching_minus_baseline,,,,dta_confirmatory_feature_sweep_transition_count_v20_t50_seed202.json,confirmatory_feature_sweep,branching,,,,6.394814429045242e-05,map,0.3909218156368726,202,test,50,550,20
transition_count,0.0004081632653061223,-0.00033395176252319116,candidate_branching_minus_baseline,,,,dta_confirmatory_feature_sweep_transition_count_v20_t50_seed202.json,confirmatory_feature_sweep,branching,,,,3.710575139146558e-05,recall@10,0.47890421915616876,202,test,50,550,20
transition_count,0.0,0.0,candidate_metric_distortion_minus_baseline,,,,dta_confirmatory_feature_sweep_transition_count_v20_t50_seed202.json,confirmatory_feature_sweep,metric_distortion,,,,0.0,top1_accuracy,1.0,202,test,50,550,20
transition_count,0.0005987825419925834,-0.0007790617483268892,candidate_metric_distortion_minus_baseline,,,,dta_confirmatory_feature_sweep_transition_count_v20_t50_seed202.json,confirmatory_feature_sweep,metric_distortion,,,,-4.6292865652883166e-05,mrr,1.0,202,test,50,550,20
transition_count,0.00904032998833715,0.0053536116913916664,candidate_metric_distortion_minus_baseline,,,,dta_confirmatory_feature_sweep_transition_count_v20_t50_seed202.json,confirmatory_feature_sweep,metric_distortion,,,,0.007175606558026423,map,0.0001999600079984003,202,test,50,550,20
transition_count,0.001966604823747681,0.0007421150278293134,candidate_metric_distortion_minus_baseline,,,,dta_confirmatory_feature_sweep_transition_count_v20_t50_seed202.json,confirmatory_feature_sweep,metric_distortion,,,,0.0013358070500927644,recall@10,0.0001999600079984003,202,test,50,550,20
transition_count,0.005454545454545455,0.0,candidate_shape_minus_baseline,,,,dta_confirmatory_feature_sweep_transition_count_v20_t50_seed202.json,confirmatory_feature_sweep,shape,,,,0.0018181818181818182,top1_accuracy,0.5000999800039992,202,test,50,550,20
transition_count,0.005621418302306598,2.8173927175383656e-05,candidate_shape_minus_baseline,,,,dta_confirmatory_feature_sweep_transition_count_v20_t50_seed202.json,confirmatory_feature_sweep,shape,,,,0.002542893785710763,mrr,0.038992201559688064,202,test,50,550,20
transition_count,0.012486381767772418,0.007187155021294377,candidate_shape_minus_baseline,,,,dta_confirmatory_feature_sweep_transition_count_v20_t50_seed202.json,confirmatory_feature_sweep,shape,,,,0.009820319588444412,map,0.0001999600079984003,202,test,50,550,20
transition_count,0.0031168831168831173,0.0011131725417439702,candidate_shape_minus_baseline,,,,dta_confirmatory_feature_sweep_transition_count_v20_t50_seed202.json,confirmatory_feature_sweep,shape,,,,0.002077922077922078,recall@10,0.0001999600079984003,202,test,50,550,20
transition_count,0.0,-0.005454545454545455,candidate_all_minus_baseline,,,,dta_confirmatory_feature_sweep_transition_count_v20_t50_seed202.json,confirmatory_feature_sweep,all,,,,-0.0018181818181818182,top1_accuracy,1.0,202,test,50,550,20
transition_count,0.0024457578638209035,-0.0023100226766872185,candidate_all_minus_baseline,,,,dta_confirmatory_feature_sweep_transition_count_v20_t50_seed202.json,confirmatory_feature_sweep,all,,,,0.00029162291405890534,mrr,0.41991601679664065,202,test,50,550,20
transition_count,0.016271097442429817,0.011036496399487826,candidate_all_minus_baseline,,,,dta_confirmatory_feature_sweep_transition_count_v20_t50_seed202.json,confirmatory_feature_sweep,all,,,,0.013643700240636292,map,0.0001999600079984003,202,test,50,550,20
transition_count,0.0036363636363636364,0.0016697588126159558,candidate_all_minus_baseline,,,,dta_confirmatory_feature_sweep_transition_count_v20_t50_seed202.json,confirmatory_feature_sweep,all,,,,0.0026345083487940638,recall@10,0.0001999600079984003,202,test,50,550,20
transition_count,0.007272727272727273,-0.007272727272727273,candidate_length_only_minus_baseline,,,,dta_confirmatory_feature_sweep_transition_count_v20_t50_seed303.json,confirmatory_feature_sweep,length_only,,,,0.0,top1_accuracy,1.0,303,test,50,550,20
transition_count,0.0043393425391616966,-0.0029134047135855557,candidate_length_only_minus_baseline,,,,dta_confirmatory_feature_sweep_transition_count_v20_t50_seed303.json,confirmatory_feature_sweep,length_only,,,,0.0006662479569762053,mrr,0.35332933413317336,303,test,50,550,20
transition_count,0.032206116165239294,0.01835183439606621,candidate_length_only_minus_baseline,,,,dta_confirmatory_feature_sweep_transition_count_v20_t50_seed303.json,confirmatory_feature_sweep,length_only,,,,0.025207457693041908,map,0.0001999600079984003,303,test,50,550,20
transition_count,0.0033024118738404456,0.000222634508348794,candidate_length_only_minus_baseline,,,,dta_confirmatory_feature_sweep_transition_count_v20_t50_seed303.json,confirmatory_feature_sweep,length_only,,,,0.0017068645640074213,recall@10,0.016796640671865627,303,test,50,550,20
transition_count,0.014545454545454545,-0.0018181818181818182,candidate_size_depth_minus_baseline,,,,dta_confirmatory_feature_sweep_transition_count_v20_t50_seed303.json,confirmatory_feature_sweep,size_depth,,,,0.005454545454545455,top1_accuracy,0.1863627274545091,303,test,50,550,20
transition_count,0.008623365881430398,-0.0009030969030969031,candidate_size_depth_minus_baseline,,,,dta_confirmatory_feature_sweep_transition_count_v20_t50_seed303.json,confirmatory_feature_sweep,size_depth,,,,0.003590176848241364,mrr,0.07218556288742252,303,test,50,550,20
transition_count,0.01852693695178624,0.010773220830776531,candidate_size_depth_minus_baseline,,,,dta_confirmatory_feature_sweep_transition_count_v20_t50_seed303.json,confirmatory_feature_sweep,size_depth,,,,0.014686568314021344,map,0.0001999600079984003,303,test,50,550,20
transition_count,0.0025974025974025974,0.0006307977736549165,candidate_size_depth_minus_baseline,,,,dta_confirmatory_feature_sweep_transition_count_v20_t50_seed303.json,confirmatory_feature_sweep,size_depth,,,,0.0015955473098330241,recall@10,0.0005998800239952009,303,test,50,550,20
transition_count,0.0,0.0,candidate_branching_minus_baseline,,,,dta_confirmatory_feature_sweep_transition_count_v20_t50_seed303.json,confirmatory_feature_sweep,branching,,,,0.0,top1_accuracy,1.0,303,test,50,550,20
transition_count,0.0,0.0,candidate_branching_minus_baseline,,,,dta_confirmatory_feature_sweep_transition_count_v20_t50_seed303.json,confirmatory_feature_sweep,branching,,,,0.0,mrr,1.0,303,test,50,550,20
transition_count,0.0,-2.943152999736818e-08,candidate_branching_minus_baseline,,,,dta_confirmatory_feature_sweep_transition_count_v20_t50_seed303.json,confirmatory_feature_sweep,branching,,,,-9.810509999122727e-09,map,1.0,303,test,50,550,20
transition_count,0.0,0.0,candidate_branching_minus_baseline,,,,dta_confirmatory_feature_sweep_transition_count_v20_t50_seed303.json,confirmatory_feature_sweep,branching,,,,0.0,recall@10,1.0,303,test,50,550,20
transition_count,0.007272727272727273,-0.007272727272727273,candidate_metric_distortion_minus_baseline,,,,dta_confirmatory_feature_sweep_transition_count_v20_t50_seed303.json,confirmatory_feature_sweep,metric_distortion,,,,0.0,top1_accuracy,1.0,303,test,50,550,20
transition_count,0.00355106201371511,-0.0041513215523479455,candidate_metric_distortion_minus_baseline,,,,dta_confirmatory_feature_sweep_transition_count_v20_t50_seed303.json,confirmatory_feature_sweep,metric_distortion,,,,-0.00032151084018429193,mrr,1.0,303,test,50,550,20
transition_count,0.008055953391066831,0.0025192544135125977,candidate_metric_distortion_minus_baseline,,,,dta_confirmatory_feature_sweep_transition_count_v20_t50_seed303.json,confirmatory_feature_sweep,metric_distortion,,,,0.005264805476261264,map,0.0001999600079984003,303,test,50,550,20
transition_count,0.0011131725417439704,-0.00033395176252319175,candidate_metric_distortion_minus_baseline,,,,dta_confirmatory_feature_sweep_transition_count_v20_t50_seed303.json,confirmatory_feature_sweep,metric_distortion,,,,0.0004081632653061222,recall@10,0.16096780643871225,303,test,50,550,20
transition_count,0.0,0.0,candidate_shape_minus_baseline,,,,dta_confirmatory_feature_sweep_transition_count_v20_t50_seed303.json,confirmatory_feature_sweep,shape,,,,0.0,top1_accuracy,1.0,303,test,50,550,20
transition_count,0.0003053302394510936,-0.0008903862052430885,candidate_shape_minus_baseline,,,,dta_confirmatory_feature_sweep_transition_count_v20_t50_seed303.json,confirmatory_feature_sweep,shape,,,,-0.00016904124196264137,mrr,1.0,303,test,50,550,20
transition_count,0.004223971996213104,0.002211457084454789,candidate_shape_minus_baseline,,,,dta_confirmatory_feature_sweep_transition_count_v20_t50_seed303.json,confirmatory_feature_sweep,shape,,,,0.003219558140649466,map,0.0001999600079984003,303,test,50,550,20
transition_count,0.000890538033395176,3.710575139146562e-05,candidate_shape_minus_baseline,,,,dta_confirmatory_feature_sweep_transition_count_v20_t50_seed303.json,confirmatory_feature_sweep,shape,,,,0.00044526901669758796,recall@10,0.02579484103179364,303,test,50,550,20
transition_count,0.012727272727272728,0.0,candidate_all_minus_baseline,,,,dta_confirmatory_feature_sweep_transition_count_v20_t50_seed303.json,confirmatory_feature_sweep,all,,,,0.005454545454545455,top1_accuracy,0.1239752049590082,303,test,50,550,20
transition_count,0.006918065336633393,0.0005210015210015208,candidate_all_minus_baseline,,,,dta_confirmatory_feature_sweep_transition_count_v20_t50_seed303.json,confirmatory_feature_sweep,all,,,,0.0033999086091926374,mrr,0.016196760647870425,303,test,50,550,20
transition_count,0.011802567405043473,0.005764353112421101,candidate_all_minus_baseline,,,,dta_confirmatory_feature_sweep_transition_count_v20_t50_seed303.json,confirmatory_feature_sweep,all,,,,0.008741742368841144,map,0.0001999600079984003,303,test,50,550,20
transition_count,0.0023376623376623372,0.0006307977736549164,candidate_all_minus_baseline,,,,dta_confirmatory_feature_sweep_transition_count_v20_t50_seed303.json,confirmatory_feature_sweep,all,,,,0.001447124304267161,recall@10,0.0013997200559888023,303,test,50,550,20
transition_count,0.0,-0.005454545454545455,candidate_residual_size_depth_minus_baseline,,,,dta_confirmatory_residual_sweep_transition_count_v20_t50_seed101.json,confirmatory_residual_sweep,residual_size_depth,,,,-0.0018181818181818182,top1_accuracy,1.0,101,test,50,550,20
transition_count,2.584480196420493e-06,-0.0027272727272727275,candidate_residual_size_depth_minus_baseline,,,,dta_confirmatory_residual_sweep_transition_count_v20_t50_seed101.json,confirmatory_residual_sweep,residual_size_depth,,,,-0.000907985342600347,mrr,1.0,101,test,50,550,20
transition_count,0.000258261085461367,-0.0007734178742430635,candidate_residual_size_depth_minus_baseline,,,,dta_confirmatory_residual_sweep_transition_count_v20_t50_seed101.json,confirmatory_residual_sweep,residual_size_depth,,,,-0.0002650554156406736,map,1.0,101,test,50,550,20
transition_count,0.00014842300556586248,-0.0007421150278293138,candidate_residual_size_depth_minus_baseline,,,,dta_confirmatory_residual_sweep_transition_count_v20_t50_seed101.json,confirmatory_residual_sweep,residual_size_depth,,,,-0.0002968460111317256,recall@10,1.0,101,test,50,550,20
transition_count,0.0,0.0,candidate_residual_branching_minus_baseline,,,,dta_confirmatory_residual_sweep_transition_count_v20_t50_seed101.json,confirmatory_residual_sweep,residual_branching,,,,0.0,top1_accuracy,1.0,101,test,50,550,20
transition_count,0.0,0.0,candidate_residual_branching_minus_baseline,,,,dta_confirmatory_residual_sweep_transition_count_v20_t50_seed101.json,confirmatory_residual_sweep,residual_branching,,,,0.0,mrr,1.0,101,test,50,550,20
transition_count,0.0,-6.839769841746815e-08,candidate_residual_branching_minus_baseline,,,,dta_confirmatory_residual_sweep_transition_count_v20_t50_seed101.json,confirmatory_residual_sweep,residual_branching,,,,-2.2799232805822716e-08,map,1.0,101,test,50,550,20
transition_count,0.0,0.0,candidate_residual_branching_minus_baseline,,,,dta_confirmatory_residual_sweep_transition_count_v20_t50_seed101.json,confirmatory_residual_sweep,residual_branching,,,,0.0,recall@10,1.0,101,test,50,550,20
transition_count,0.005454545454545455,0.0,candidate_residual_metric_distortion_minus_baseline,,,,dta_confirmatory_residual_sweep_transition_count_v20_t50_seed101.json,confirmatory_residual_sweep,residual_metric_distortion,,,,0.0018181818181818182,top1_accuracy,0.4953009398120376,101,test,50,550,20
transition_count,0.0036356900218443566,-3.5036782952794266e-07,candidate_residual_metric_distortion_minus_baseline,,,,dta_confirmatory_residual_sweep_transition_count_v20_t50_seed101.json,confirmatory_residual_sweep,residual_metric_distortion,,,,0.0013631243724619596,mrr,0.09598080383923216,101,test,50,550,20
transition_count,0.0014022229269288519,-0.0014269687424815218,candidate_residual_metric_distortion_minus_baseline,,,,dta_confirmatory_residual_sweep_transition_count_v20_t50_seed101.json,confirmatory_residual_sweep,residual_metric_distortion,,,,-3.7478385783491143e-06,map,1.0,101,test,50,550,20
transition_count,0.00037105751391465697,-0.000593692022263451,candidate_residual_metric_distortion_minus_baseline,,,,dta_confirmatory_residual_sweep_transition_count_v20_t50_seed101.json,confirmatory_residual_sweep,residual_metric_distortion,,,,-0.000111317254174397,recall@10,1.0,101,test,50,550,20
transition_count,0.0,0.0,candidate_residual_shape_minus_baseline,,,,dta_confirmatory_residual_sweep_transition_count_v20_t50_seed101.json,confirmatory_residual_sweep,residual_shape,,,,0.0,top1_accuracy,1.0,101,test,50,550,20
transition_count,0.0,0.0,candidate_residual_shape_minus_baseline,,,,dta_confirmatory_residual_sweep_transition_count_v20_t50_seed101.json,confirmatory_residual_sweep,residual_shape,,,,0.0,mrr,1.0,101,test,50,550,20
transition_count,0.0,-6.839769841746815e-08,candidate_residual_shape_minus_baseline,,,,dta_confirmatory_residual_sweep_transition_count_v20_t50_seed101.json,confirmatory_residual_sweep,residual_shape,,,,-2.2799232805822716e-08,map,1.0,101,test,50,550,20
transition_count,0.0,0.0,candidate_residual_shape_minus_baseline,,,,dta_confirmatory_residual_sweep_transition_count_v20_t50_seed101.json,confirmatory_residual_sweep,residual_shape,,,,0.0,recall@10,1.0,101,test,50,550,20
transition_count,0.0,0.0,candidate_residual_all_nonlength_minus_baseline,,,,dta_confirmatory_residual_sweep_transition_count_v20_t50_seed101.json,confirmatory_residual_sweep,residual_all_nonlength,,,,0.0,top1_accuracy,1.0,101,test,50,550,20
transition_count,1.252478864419166e-06,0.0,candidate_residual_all_nonlength_minus_baseline,,,,dta_confirmatory_residual_sweep_transition_count_v20_t50_seed101.json,confirmatory_residual_sweep,residual_all_nonlength,,,,4.174929548063887e-07,mrr,0.4979004199160168,101,test,50,550,20
transition_count,0.0006607409086782612,3.431064686675445e-05,candidate_residual_all_nonlength_minus_baseline,,,,dta_confirmatory_residual_sweep_transition_count_v20_t50_seed101.json,confirmatory_residual_sweep,residual_all_nonlength,,,,0.00034379832079315596,map,0.016796640671865627,101,test,50,550,20
transition_count,0.0004823747680890537,-0.00022263450834879409,candidate_residual_all_nonlength_minus_baseline,,,,dta_confirmatory_residual_sweep_transition_count_v20_t50_seed101.json,confirmatory_residual_sweep,residual_all_nonlength,,,,0.00014842300556586267,recall@10,0.2509498100379924,101,test,50,550,20
transition_count,0.0,0.0,candidate_residual_size_depth_minus_baseline,,,,dta_confirmatory_residual_sweep_transition_count_v20_t50_seed202.json,confirmatory_residual_sweep,residual_size_depth,,,,0.0,top1_accuracy,1.0,202,test,50,550,20
transition_count,0.0,0.0,candidate_residual_size_depth_minus_baseline,,,,dta_confirmatory_residual_sweep_transition_count_v20_t50_seed202.json,confirmatory_residual_sweep,residual_size_depth,,,,0.0,mrr,1.0,202,test,50,550,20
transition_count,0.0,0.0,candidate_residual_size_depth_minus_baseline,,,,dta_confirmatory_residual_sweep_transition_count_v20_t50_seed202.json,confirmatory_residual_sweep,residual_size_depth,,,,0.0,map,1.0,202,test,50,550,20
transition_count,0.0,0.0,candidate_residual_size_depth_minus_baseline,,,,dta_confirmatory_residual_sweep_transition_count_v20_t50_seed202.json,confirmatory_residual_sweep,residual_size_depth,,,,0.0,recall@10,1.0,202,test,50,550,20
transition_count,0.0,-0.005454545454545455,candidate_residual_branching_minus_baseline,,,,dta_confirmatory_residual_sweep_transition_count_v20_t50_seed202.json,confirmatory_residual_sweep,residual_branching,,,,-0.0018181818181818182,top1_accuracy,1.0,202,test,50,550,20
transition_count,0.0005170867290164707,-0.002828763792761189,candidate_residual_branching_minus_baseline,,,,dta_confirmatory_residual_sweep_transition_count_v20_t50_seed202.json,confirmatory_residual_sweep,residual_branching,,,,-0.000729295919474662,mrr,1.0,202,test,50,550,20
transition_count,2.2370765400016036e-05,-0.0008721344832053538,candidate_residual_branching_minus_baseline,,,,dta_confirmatory_residual_sweep_transition_count_v20_t50_seed202.json,confirmatory_residual_sweep,residual_branching,,,,-0.00043351048162508466,map,1.0,202,test,50,550,20
transition_count,0.00033395176252319094,-0.00048237476808905393,candidate_residual_branching_minus_baseline,,,,dta_confirmatory_residual_sweep_transition_count_v20_t50_seed202.json,confirmatory_residual_sweep,residual_branching,,,,-7.421150278293147e-05,recall@10,1.0,202,test,50,550,20
transition_count,0.0,0.0,candidate_residual_metric_distortion_minus_baseline,,,,dta_confirmatory_residual_sweep_transition_count_v20_t50_seed202.json,confirmatory_residual_sweep,residual_metric_distortion,,,,0.0,top1_accuracy,1.0,202,test,50,550,20
transition_count,0.0005392274331845826,-0.0006705056854050664,candidate_residual_metric_distortion_minus_baseline,,,,dta_confirmatory_residual_sweep_transition_count_v20_t50_seed202.json,confirmatory_residual_sweep,residual_metric_distortion,,,,-6.547860246774485e-05,mrr,1.0,202,test,50,550,20
transition_count,0.004218164861358384,0.0020748796639186258,candidate_residual_metric_distortion_minus_baseline,,,,dta_confirmatory_residual_sweep_transition_count_v20_t50_seed202.json,confirmatory_residual_sweep,residual_metric_distortion,,,,0.0031272597647986652,map,0.0001999600079984003,202,test,50,550,20
transition_count,0.0011873840445269018,0.0002226345083487942,candidate_residual_metric_distortion_minus_baseline,,,,dta_confirmatory_residual_sweep_transition_count_v20_t50_seed202.json,confirmatory_residual_sweep,residual_metric_distortion,,,,0.0007050092764378479,recall@10,0.0021995600879824036,202,test,50,550,20
transition_count,0.0,0.0,candidate_residual_shape_minus_baseline,,,,dta_confirmatory_residual_sweep_transition_count_v20_t50_seed202.json,confirmatory_residual_sweep,residual_shape,,,,0.0,top1_accuracy,1.0,202,test,50,550,20
transition_count,0.0,0.0,candidate_residual_shape_minus_baseline,,,,dta_confirmatory_residual_sweep_transition_count_v20_t50_seed202.json,confirmatory_residual_sweep,residual_shape,,,,0.0,mrr,1.0,202,test,50,550,20
transition_count,0.0,0.0,candidate_residual_shape_minus_baseline,,,,dta_confirmatory_residual_sweep_transition_count_v20_t50_seed202.json,confirmatory_residual_sweep,residual_shape,,,,0.0,map,1.0,202,test,50,550,20
transition_count,0.0,0.0,candidate_residual_shape_minus_baseline,,,,dta_confirmatory_residual_sweep_transition_count_v20_t50_seed202.json,confirmatory_residual_sweep,residual_shape,,,,0.0,recall@10,1.0,202,test,50,550,20
transition_count,0.0,0.0,candidate_residual_all_nonlength_minus_baseline,,,,dta_confirmatory_residual_sweep_transition_count_v20_t50_seed202.json,confirmatory_residual_sweep,residual_all_nonlength,,,,0.0,top1_accuracy,1.0,202,test,50,550,20
transition_count,0.0003177323032352158,-0.00017419462948119085,candidate_residual_all_nonlength_minus_baseline,,,,dta_confirmatory_residual_sweep_transition_count_v20_t50_seed202.json,confirmatory_residual_sweep,residual_all_nonlength,,,,4.705786581738654e-05,mrr,0.32213557288542294,202,test,50,550,20
transition_count,0.0010236040922023397,0.00041729430597519274,candidate_residual_all_nonlength_minus_baseline,,,,dta_confirmatory_residual_sweep_transition_count_v20_t50_seed202.json,confirmatory_residual_sweep,residual_all_nonlength,,,,0.0007138748758596557,map,0.0001999600079984003,202,test,50,550,20
transition_count,0.0005194805194805195,-3.7105751391465756e-05,candidate_residual_all_nonlength_minus_baseline,,,,dta_confirmatory_residual_sweep_transition_count_v20_t50_seed202.json,confirmatory_residual_sweep,residual_all_nonlength,,,,0.0002226345083487941,recall@10,0.0621875624875025,202,test,50,550,20
transition_count,0.0,0.0,candidate_residual_size_depth_minus_baseline,,,,dta_confirmatory_residual_sweep_transition_count_v20_t50_seed303.json,confirmatory_residual_sweep,residual_size_depth,,,,0.0,top1_accuracy,1.0,303,test,50,550,20
transition_count,0.0,0.0,candidate_residual_size_depth_minus_baseline,,,,dta_confirmatory_residual_sweep_transition_count_v20_t50_seed303.json,confirmatory_residual_sweep,residual_size_depth,,,,0.0,mrr,1.0,303,test,50,550,20
transition_count,0.0,-2.943152999736818e-08,candidate_residual_size_depth_minus_baseline,,,,dta_confirmatory_residual_sweep_transition_count_v20_t50_seed303.json,confirmatory_residual_sweep,residual_size_depth,,,,-9.810509999122727e-09,map,1.0,303,test,50,550,20
transition_count,0.0,0.0,candidate_residual_size_depth_minus_baseline,,,,dta_confirmatory_residual_sweep_transition_count_v20_t50_seed303.json,confirmatory_residual_sweep,residual_size_depth,,,,0.0,recall@10,1.0,303,test,50,550,20
transition_count,0.0,0.0,candidate_residual_branching_minus_baseline,,,,dta_confirmatory_residual_sweep_transition_count_v20_t50_seed303.json,confirmatory_residual_sweep,residual_branching,,,,0.0,top1_accuracy,1.0,303,test,50,550,20
transition_count,0.0,0.0,candidate_residual_branching_minus_baseline,,,,dta_confirmatory_residual_sweep_transition_count_v20_t50_seed303.json,confirmatory_residual_sweep,residual_branching,,,,0.0,mrr,1.0,303,test,50,550,20
transition_count,0.0,-2.943152999736818e-08,candidate_residual_branching_minus_baseline,,,,dta_confirmatory_residual_sweep_transition_count_v20_t50_seed303.json,confirmatory_residual_sweep,residual_branching,,,,-9.810509999122727e-09,map,1.0,303,test,50,550,20
transition_count,0.0,0.0,candidate_residual_branching_minus_baseline,,,,dta_confirmatory_residual_sweep_transition_count_v20_t50_seed303.json,confirmatory_residual_sweep,residual_branching,,,,0.0,recall@10,1.0,303,test,50,550,20
transition_count,0.0036363636363636364,-0.00909090909090909,candidate_residual_metric_distortion_minus_baseline,,,,dta_confirmatory_residual_sweep_transition_count_v20_t50_seed303.json,confirmatory_residual_sweep,residual_metric_distortion,,,,-0.0018181818181818182,top1_accuracy,1.0,303,test,50,550,20
transition_count,0.001231060299820911,-0.005494498710118405,candidate_residual_metric_distortion_minus_baseline,,,,dta_confirmatory_residual_sweep_transition_count_v20_t50_seed303.json,confirmatory_residual_sweep,residual_metric_distortion,,,,-0.0019222706378903321,mrr,1.0,303,test,50,550,20
transition_count,0.0028374007650745457,0.0007555337080892913,candidate_residual_metric_distortion_minus_baseline,,,,dta_confirmatory_residual_sweep_transition_count_v20_t50_seed303.json,confirmatory_residual_sweep,residual_metric_distortion,,,,0.0017775108070470808,map,0.0009998000399920016,303,test,50,550,20
transition_count,0.00037105751391465676,-0.0004823747680890538,candidate_residual_metric_distortion_minus_baseline,,,,dta_confirmatory_residual_sweep_transition_count_v20_t50_seed303.json,confirmatory_residual_sweep,residual_metric_distortion,,,,-3.710575139146576e-05,recall@10,1.0,303,test,50,550,20
transition_count,0.0,0.0,candidate_residual_shape_minus_baseline,,,,dta_confirmatory_residual_sweep_transition_count_v20_t50_seed303.json,confirmatory_residual_sweep,residual_shape,,,,0.0,top1_accuracy,1.0,303,test,50,550,20
transition_count,0.0,0.0,candidate_residual_shape_minus_baseline,,,,dta_confirmatory_residual_sweep_transition_count_v20_t50_seed303.json,confirmatory_residual_sweep,residual_shape,,,,0.0,mrr,1.0,303,test,50,550,20
transition_count,0.0,-2.943152999736818e-08,candidate_residual_shape_minus_baseline,,,,dta_confirmatory_residual_sweep_transition_count_v20_t50_seed303.json,confirmatory_residual_sweep,residual_shape,,,,-9.810509999122727e-09,map,1.0,303,test,50,550,20
transition_count,0.0,0.0,candidate_residual_shape_minus_baseline,,,,dta_confirmatory_residual_sweep_transition_count_v20_t50_seed303.json,confirmatory_residual_sweep,residual_shape,,,,0.0,recall@10,1.0,303,test,50,550,20
transition_count,0.0,0.0,candidate_residual_all_nonlength_minus_baseline,,,,dta_confirmatory_residual_sweep_transition_count_v20_t50_seed303.json,confirmatory_residual_sweep,residual_all_nonlength,,,,0.0,top1_accuracy,1.0,303,test,50,550,20
transition_count,3.6090099075336936e-06,-0.0016258600156905244,candidate_residual_all_nonlength_minus_baseline,,,,dta_confirmatory_residual_sweep_transition_count_v20_t50_seed303.json,confirmatory_residual_sweep,residual_all_nonlength,,,,-0.0006629403547063472,mrr,1.0,303,test,50,550,20
transition_count,0.0008469885947555258,0.00016806323458289627,candidate_residual_all_nonlength_minus_baseline,,,,dta_confirmatory_residual_sweep_transition_count_v20_t50_seed303.json,confirmatory_residual_sweep,residual_all_nonlength,,,,0.0005051094063187352,map,0.001799640071985603,303,test,50,550,20
transition_count,0.0003710575139146567,-0.00011131725417439706,candidate_residual_all_nonlength_minus_baseline,,,,dta_confirmatory_residual_sweep_transition_count_v20_t50_seed303.json,confirmatory_residual_sweep,residual_all_nonlength,,,,0.00011131725417439698,recall@10,0.27714457108578283,303,test,50,550,20
transition_count,0.00909090909090909,0.0,candidate_minus_baseline,,,,dta_confirmatory_split_transition_count_all_v20_t50_seed101.json,confirmatory_split,all,0.09999999999999998,,0.9,0.0036363636363636364,top1_accuracy,0.2419516096780644,101,test,50,550,20
transition_count,0.0051512044176004875,0.00014977846277914748,candidate_minus_baseline,,,,dta_confirmatory_split_transition_count_all_v20_t50_seed101.json,confirmatory_split,all,0.09999999999999998,,0.9,0.0022713013179059332,mrr,0.0619876024795041,101,test,50,550,20
transition_count,0.010728145397110589,0.004779772280148346,candidate_minus_baseline,,,,dta_confirmatory_split_transition_count_all_v20_t50_seed101.json,confirmatory_split,all,0.09999999999999998,,0.9,0.00771096304847825,map,0.0001999600079984003,101,test,50,550,20
transition_count,0.002671614100185529,0.0006679035250463822,candidate_minus_baseline,,,,dta_confirmatory_split_transition_count_all_v20_t50_seed101.json,confirmatory_split,all,0.09999999999999998,,0.9,0.0016697588126159556,recall@10,0.0003999200159968006,101,test,50,550,20
transition_count,0.012727272727272728,-0.005454545454545455,candidate_minus_baseline,,,,dta_confirmatory_split_transition_count_length_only_v20_t50_seed101.json,confirmatory_split,length_only,0.09999999999999998,,0.9,0.0036363636363636364,top1_accuracy,0.3379324135172965,101,test,50,550,20
transition_count,0.007728710762450189,-0.00211977408603466,candidate_minus_baseline,,,,dta_confirmatory_split_transition_count_length_only_v20_t50_seed101.json,confirmatory_split,length_only,0.09999999999999998,,0.9,0.0025771956109350365,mrr,0.14117176564687062,101,test,50,550,20
transition_count,0.03506999422883251,0.021064159565638674,candidate_minus_baseline,,,,dta_confirmatory_split_transition_count_length_only_v20_t50_seed101.json,confirmatory_split,length_only,0.09999999999999998,,0.9,0.028031991853822453,map,0.0001999600079984003,101,test,50,550,20
transition_count,0.0044526901669758815,0.0013729128014842295,candidate_minus_baseline,,,,dta_confirmatory_split_transition_count_length_only_v20_t50_seed101.json,confirmatory_split,length_only,0.09999999999999998,,0.9,0.002857142857142857,recall@10,0.0001999600079984003,101,test,50,550,20
flat_markov_jsd,0.045454545454545456,-0.013636363636363636,M4_markov_size_depth_minus_M2,,,,dta_feature_ablation_limit20_seed13_w085.json,method_comparison,,0.15000000000000002,20,0.85,0.013636363636363636,top1_accuracy,0.2695460907818436,13,overall,,220,
flat_markov_jsd,0.027929093304587378,-0.007736526758265889,M4_markov_size_depth_minus_M2,,,,dta_feature_ablation_limit20_seed13_w085.json,method_comparison,,0.15000000000000002,20,0.85,0.009476712352206424,mrr,0.14697060587882424,13,overall,,220,
flat_markov_jsd,0.0408465983279743,0.020871265409552187,M4_markov_size_depth_minus_M2,,,,dta_feature_ablation_limit20_seed13_w085.json,method_comparison,,0.15000000000000002,20,0.85,0.03072721539220106,map,0.0001999600079984003,13,overall,,220,
flat_markov_jsd,0.02200956937799043,0.004784688995215311,M4_markov_size_depth_minus_M2,,,,dta_feature_ablation_limit20_seed13_w085.json,method_comparison,,0.15000000000000002,20,0.85,0.013157894736842105,recall@10,0.0021995600879824036,13,overall,,220,
flat_markov_jsd,0.022727272727272728,-0.02727272727272727,M4_markov_branching_minus_M2,,,,dta_feature_ablation_limit20_seed13_w085.json,method_comparison,,0.15000000000000002,20,0.85,0.0,top1_accuracy,1.0,13,overall,,220,
flat_markov_jsd,0.020848583234946875,-0.0135742518351214,M4_markov_branching_minus_M2,,,,dta_feature_ablation_limit20_seed13_w085.json,method_comparison,,0.15000000000000002,20,0.85,0.0037001972006912723,mrr,0.3385322935412917,13,overall,,220,
flat_markov_jsd,0.022652446811064052,0.002406362292483422,M4_markov_branching_minus_M2,,,,dta_feature_ablation_limit20_seed13_w085.json,method_comparison,,0.15000000000000002,20,0.85,0.012805734485260407,map,0.0065986802639472104,13,overall,,220,
flat_markov_jsd,0.017464114832535883,0.0009569377990430621,M4_markov_branching_minus_M2,,,,dta_feature_ablation_limit20_seed13_w085.json,method_comparison,,0.15000000000000002,20,0.85,0.009330143540669855,recall@10,0.016196760647870425,13,overall,,220,
flat_markov_jsd,0.04090909090909091,-0.00909090909090909,M4_markov_metric_distortion_minus_M2,,,,dta_feature_ablation_limit20_seed13_w085.json,method_comparison,,0.15000000000000002,20,0.85,0.013636363636363636,top1_accuracy,0.22335532893421317,13,overall,,220,
flat_markov_jsd,0.020461560837054908,-0.010900236127508855,M4_markov_metric_distortion_minus_M2,,,,dta_feature_ablation_limit20_seed13_w085.json,method_comparison,,0.15000000000000002,20,0.85,0.0044388335643276355,mrr,0.29114177164567084,13,overall,,220,
flat_markov_jsd,0.010769053822296357,-0.011082797944235431,M4_markov_metric_distortion_minus_M2,,,,dta_feature_ablation_limit20_seed13_w085.json,method_comparison,,0.15000000000000002,20,0.85,-0.00010411469344524136,map,1.0,13,overall,,220,
flat_markov_jsd,0.008133971291866028,-0.009569377990430622,M4_markov_metric_distortion_minus_M2,,,,dta_feature_ablation_limit20_seed13_w085.json,method_comparison,,0.15000000000000002,20,0.85,-0.0007177033492822966,recall@10,1.0,13,overall,,220,
flat_markov_jsd,0.06363636363636363,0.004545454545454545,M4_markov_shape_minus_M2,,,,dta_feature_ablation_limit20_seed13_w085.json,method_comparison,,0.15000000000000002,20,0.85,0.031818181818181815,top1_accuracy,0.03099380123975205,13,overall,,220,
flat_markov_jsd,0.04123081463990555,0.004502164502164503,M4_markov_shape_minus_M2,,,,dta_feature_ablation_limit20_seed13_w085.json,method_comparison,,0.15000000000000002,20,0.85,0.022095759971254045,mrr,0.009198160367926415,13,overall,,220,
flat_markov_jsd,0.037749381468234575,0.02191714121571494,M4_markov_shape_minus_M2,,,,dta_feature_ablation_limit20_seed13_w085.json,method_comparison,,0.15000000000000002,20,0.85,0.029513691938249688,map,0.0001999600079984003,13,overall,,220,
flat_markov_jsd,0.023205741626794257,0.009330143540669855,M4_markov_shape_minus_M2,,,,dta_feature_ablation_limit20_seed13_w085.json,method_comparison,,0.15000000000000002,20,0.85,0.016267942583732056,recall@10,0.0001999600079984003,13,overall,,220,
flat_markov_jsd,0.05909090909090909,0.0,M4_markov_all_minus_M2,,,,dta_feature_ablation_limit20_seed13_w085.json,method_comparison,,0.15000000000000002,20,0.85,0.02727272727272727,top1_accuracy,0.05438912217556489,13,overall,,220,
flat_markov_jsd,0.03632786844249295,0.0007575757575757579,M4_markov_all_minus_M2,,,,dta_feature_ablation_limit20_seed13_w085.json,method_comparison,,0.15000000000000002,20,0.85,0.017705150580644653,mrr,0.021395720855828835,13,overall,,220,
flat_markov_jsd,0.03687972277198981,0.022099913365393097,M4_markov_all_minus_M2,,,,dta_feature_ablation_limit20_seed13_w085.json,method_comparison,,0.15000000000000002,20,0.85,0.02925443828121516,map,0.0001999600079984003,13,overall,,220,
flat_markov_jsd,0.022727272727272728,0.00909090909090909,M4_markov_all_minus_M2,,,,dta_feature_ablation_limit20_seed13_w085.json,method_comparison,,0.15000000000000002,20,0.85,0.015789473684210523,recall@10,0.0001999600079984003,13,overall,,220,
flat_markov_jsd,0.016363636363636365,-0.012727272727272728,M4_markov_size_depth_minus_M2,,,,dta_feature_ablation_limit50_seed13_w085.json,method_comparison,,0.15000000000000002,50,0.85,0.0018181818181818182,top1_accuracy,0.5040991801639672,13,overall,,550,
flat_markov_jsd,0.012862003493582441,-0.005705638569767475,M4_markov_size_depth_minus_M2,,,,dta_feature_ablation_limit50_seed13_w085.json,method_comparison,,0.15000000000000002,50,0.85,0.0034461625015382406,mrr,0.244751049790042,13,overall,,550,
flat_markov_jsd,0.03542285839737658,0.023957485489225376,M4_markov_size_depth_minus_M2,,,,dta_feature_ablation_limit50_seed13_w085.json,method_comparison,,0.15000000000000002,50,0.85,0.02953156341954253,map,0.0001999600079984003,13,overall,,550,
flat_markov_jsd,0.004860853432282005,0.001818181818181819,M4_markov_size_depth_minus_M2,,,,dta_feature_ablation_limit50_seed13_w085.json,method_comparison,,0.15000000000000002,50,0.85,0.003339517625231912,recall@10,0.0001999600079984003,13,overall,,550,
flat_markov_jsd,0.016363636363636365,-0.012727272727272728,M4_markov_branching_minus_M2,,,,dta_feature_ablation_limit50_seed13_w085.json,method_comparison,,0.15000000000000002,50,0.85,0.0018181818181818182,top1_accuracy,0.5026994601079784,13,overall,,550,
flat_markov_jsd,0.015572316572316574,-0.0028750927435137958,M4_markov_branching_minus_M2,,,,dta_feature_ablation_limit50_seed13_w085.json,method_comparison,,0.15000000000000002,50,0.85,0.006081052121721978,mrr,0.10157968406318736,13,overall,,550,
flat_markov_jsd,0.01255196556191458,-0.0012417957330974985,M4_markov_branching_minus_M2,,,,dta_feature_ablation_limit50_seed13_w085.json,method_comparison,,0.15000000000000002,50,0.85,0.0057223889350682695,map,0.05298940211957608,13,overall,,550,
flat_markov_jsd,0.005231910946196662,0.0017439703153988876,M4_markov_branching_minus_M2,,,,dta_feature_ablation_limit50_seed13_w085.json,method_comparison,,0.15000000000000002,50,0.85,0.00352504638218924,recall@10,0.0005998800239952009,13,overall,,550,
flat_markov_jsd,-0.0036363636363636364,-0.03272727272727273,M4_markov_metric_distortion_minus_M2,,,,dta_feature_ablation_limit50_seed13_w085.json,method_comparison,,0.15000000000000002,50,0.85,-0.01818181818181818,top1_accuracy,1.0,13,overall,,550,
flat_markov_jsd,0.00069662204449708,-0.018459989911580117,M4_markov_metric_distortion_minus_M2,,,,dta_feature_ablation_limit50_seed13_w085.json,method_comparison,,0.15000000000000002,50,0.85,-0.008593486836520893,mrr,1.0,13,overall,,550,
flat_markov_jsd,0.025393553495376923,0.010828915859486345,M4_markov_metric_distortion_minus_M2,,,,dta_feature_ablation_limit50_seed13_w085.json,method_comparison,,0.15000000000000002,50,0.85,0.017894635840736934,map,0.0001999600079984003,13,overall,,550,
flat_markov_jsd,0.0033766233766233766,-0.0010760667903525047,M4_markov_metric_distortion_minus_M2,,,,dta_feature_ablation_limit50_seed13_w085.json,method_comparison,,0.15000000000000002,50,0.85,0.0011502782931354363,recall@10,0.14157168566286743,13,overall,,550,
flat_markov_jsd,0.014545454545454545,-0.007272727272727273,M4_markov_shape_minus_M2,,,,dta_feature_ablation_limit50_seed13_w085.json,method_comparison,,0.15000000000000002,50,0.85,0.0036363636363636364,top1_accuracy,0.38392321535692864,13,overall,,550,
flat_markov_jsd,0.01264233586721625,-0.0020049158709445785,M4_markov_shape_minus_M2,,,,dta_feature_ablation_limit50_seed13_w085.json,method_comparison,,0.15000000000000002,50,0.85,0.005131418422088279,mrr,0.09158168366326734,13,overall,,550,
flat_markov_jsd,0.03154901406092586,0.022441056562877343,M4_markov_shape_minus_M2,,,,dta_feature_ablation_limit50_seed13_w085.json,method_comparison,,0.15000000000000002,50,0.85,0.02698726816762281,map,0.0001999600079984003,13,overall,,550,
flat_markov_jsd,0.006567717996289426,0.003673469387755103,M4_markov_shape_minus_M2,,,,dta_feature_ablation_limit50_seed13_w085.json,method_comparison,,0.15000000000000002,50,0.85,0.005120593692022265,recall@10,0.0001999600079984003,13,overall,,550,
flat_markov_jsd,0.014545454545454545,-0.007272727272727273,M4_markov_all_minus_M2,,,,dta_feature_ablation_limit50_seed13_w085.json,method_comparison,,0.15000000000000002,50,0.85,0.0036363636363636364,top1_accuracy,0.3817236552689462,13,overall,,550,
flat_markov_jsd,0.013078202921011816,-0.0020568782391889623,M4_markov_all_minus_M2,,,,dta_feature_ablation_limit50_seed13_w085.json,method_comparison,,0.15000000000000002,50,0.85,0.005257916404201234,mrr,0.08898220355928814,13,overall,,550,
flat_markov_jsd,0.03853960762111814,0.029707532071769658,M4_markov_all_minus_M2,,,,dta_feature_ablation_limit50_seed13_w085.json,method_comparison,,0.15000000000000002,50,0.85,0.03404547883476966,map,0.0001999600079984003,13,overall,,550,
flat_markov_jsd,0.007532467532467533,0.004341372912801485,M4_markov_all_minus_M2,,,,dta_feature_ablation_limit50_seed13_w085.json,method_comparison,,0.15000000000000002,50,0.85,0.005899814471243044,recall@10,0.0001999600079984003,13,overall,,550,
transition_count,0.007272727272727273,-0.01090909090909091,M4_markov_size_depth_minus_M2,,,,dta_feature_ablation_transition_count_limit50_seed13_w085.json,method_comparison,,0.15000000000000002,50,0.85,-0.0018181818181818182,top1_accuracy,1.0,13,overall,,550,
transition_count,0.006488758553274683,-0.005240469208211144,M4_markov_size_depth_minus_M2,,,,dta_feature_ablation_transition_count_limit50_seed13_w085.json,method_comparison,,0.15000000000000002,50,0.85,0.00042619745845552307,mrr,0.45150969806038793,13,overall,,550,
transition_count,0.012235990367790078,0.0020739460969014523,M4_markov_size_depth_minus_M2,,,,dta_feature_ablation_transition_count_limit50_seed13_w085.json,method_comparison,,0.15000000000000002,50,0.85,0.007164871059144674,map,0.002999400119976005,13,overall,,550,
transition_count,0.00215213358070501,-0.00048237476808905345,M4_markov_size_depth_minus_M2,,,,dta_feature_ablation_transition_count_limit50_seed13_w085.json,method_comparison,,0.15000000000000002,50,0.85,0.0008163265306122454,recall@10,0.11257748450309939,13,overall,,550,
transition_count,0.005454545454545455,0.0,M4_markov_branching_minus_M2,,,,dta_feature_ablation_transition_count_limit50_seed13_w085.json,method_comparison,,0.15000000000000002,50,0.85,0.0018181818181818182,top1_accuracy,0.4949010197960408,13,overall,,550,
transition_count,0.005854912764003673,0.0003333333333333334,M4_markov_branching_minus_M2,,,,dta_feature_ablation_transition_count_limit50_seed13_w085.json,method_comparison,,0.15000000000000002,50,0.85,0.0023985344648834385,mrr,0.015396920615876825,13,overall,,550,
transition_count,-0.01779497626062702,-0.028551253175526266,M4_markov_branching_minus_M2,,,,dta_feature_ablation_transition_count_limit50_seed13_w085.json,method_comparison,,0.15000000000000002,50,0.85,-0.02308725568468909,map,1.0,13,overall,,550,
transition_count,7.421150278293148e-05,-0.002040816326530612,M4_markov_branching_minus_M2,,,,dta_feature_ablation_transition_count_limit50_seed13_w085.json,method_comparison,,0.15000000000000002,50,0.85,-0.0009276437847866417,recall@10,1.0,13,overall,,550,
transition_count,-0.0018181818181818182,-0.02181818181818182,M4_markov_metric_distortion_minus_M2,,,,dta_feature_ablation_transition_count_limit50_seed13_w085.json,method_comparison,,0.15000000000000002,50,0.85,-0.01090909090909091,top1_accuracy,1.0,13,overall,,550,
transition_count,-0.00010468319559228659,-0.01141548466894089,M4_markov_metric_distortion_minus_M2,,,,dta_feature_ablation_transition_count_limit50_seed13_w085.json,method_comparison,,0.15000000000000002,50,0.85,-0.005653034997400309,mrr,1.0,13,overall,,550,
transition_count,-0.00886016712431736,-0.022338651045433755,M4_markov_metric_distortion_minus_M2,,,,dta_feature_ablation_transition_count_limit50_seed13_w085.json,method_comparison,,0.15000000000000002,50,0.85,-0.015547495176907825,map,1.0,13,overall,,550,
transition_count,-0.001150278293135436,-0.004341372912801485,M4_markov_metric_distortion_minus_M2,,,,dta_feature_ablation_transition_count_limit50_seed13_w085.json,method_comparison,,0.15000000000000002,50,0.85,-0.0027087198515769947,recall@10,1.0,13,overall,,550,
transition_count,0.005454545454545455,-0.005454545454545455,M4_markov_shape_minus_M2,,,,dta_feature_ablation_transition_count_limit50_seed13_w085.json,method_comparison,,0.15000000000000002,50,0.85,0.0,top1_accuracy,1.0,13,overall,,550,
transition_count,0.005351239669421488,-0.0013636363636363637,M4_markov_shape_minus_M2,,,,dta_feature_ablation_transition_count_limit50_seed13_w085.json,method_comparison,,0.15000000000000002,50,0.85,0.0017262761676251413,mrr,0.17096580683863227,13,overall,,550,
transition_count,0.006547970533540164,-0.0013327769999933313,M4_markov_shape_minus_M2,,,,dta_feature_ablation_transition_count_limit50_seed13_w085.json,method_comparison,,0.15000000000000002,50,0.85,0.002690572960104857,map,0.09818036392721456,13,overall,,550,
transition_count,0.0032282003710575142,0.0009276437847866424,M4_markov_shape_minus_M2,,,,dta_feature_ablation_transition_count_limit50_seed13_w085.json,method_comparison,,0.15000000000000002,50,0.85,0.002040816326530613,recall@10,0.0005998800239952009,13,overall,,550,
transition_count,0.00909090909090909,-0.0036363636363636364,M4_markov_all_minus_M2,,,,dta_feature_ablation_transition_count_limit50_seed13_w085.json,method_comparison,,0.15000000000000002,50,0.85,0.0018181818181818182,top1_accuracy,0.5010997800439912,13,overall,,550,
transition_count,0.006129901162159227,-0.0011818181818181817,M4_markov_all_minus_M2,,,,dta_feature_ablation_transition_count_limit50_seed13_w085.json,method_comparison,,0.15000000000000002,50,0.85,0.002143675266842422,mrr,0.13097380523895222,13,overall,,550,
transition_count,0.011182261798733476,0.0034925836105366885,M4_markov_all_minus_M2,,,,dta_feature_ablation_transition_count_limit50_seed13_w085.json,method_comparison,,0.15000000000000002,50,0.85,0.007388053571735125,map,0.0001999600079984003,13,overall,,550,
transition_count,0.0021521335807050098,-3.7105751391465444e-05,M4_markov_all_minus_M2,,,,dta_feature_ablation_transition_count_limit50_seed13_w085.json,method_comparison,,0.15000000000000002,50,0.85,0.0010389610389610392,recall@10,0.03719256148770246,13,overall,,550,
transition_count,0.00909090909090909,0.0,M4_markov_size_depth_minus_M2,,,,dta_feature_ablation_transition_count_limit50_seed13_w090.json,method_comparison,,0.09999999999999998,50,0.9,0.0036363636363636364,top1_accuracy,0.2471505698860228,13,overall,,550,
transition_count,0.0066516865343844815,0.00019597313732211082,M4_markov_size_depth_minus_M2,,,,dta_feature_ablation_transition_count_limit50_seed13_w090.json,method_comparison,,0.09999999999999998,50,0.9,0.0028626398039887776,mrr,0.044191161767646474,13,overall,,550,
transition_count,0.01524414159943916,0.008399789355148598,M4_markov_size_depth_minus_M2,,,,dta_feature_ablation_transition_count_limit50_seed13_w090.json,method_comparison,,0.09999999999999998,50,0.9,0.011835835438922313,map,0.0001999600079984003,13,overall,,550,
transition_count,0.002486085343228201,0.0003339517625231911,M4_markov_size_depth_minus_M2,,,,dta_feature_ablation_transition_count_limit50_seed13_w090.json,method_comparison,,0.09999999999999998,50,0.9,0.0013729128014842306,recall@10,0.0057988402319536095,13,overall,,550,
transition_count,0.0,0.0,M4_markov_branching_minus_M2,,,,dta_feature_ablation_transition_count_limit50_seed13_w090.json,method_comparison,,0.09999999999999998,50,0.9,0.0,top1_accuracy,1.0,13,overall,,550,
transition_count,0.0029775171065493647,0.0003195592286501378,M4_markov_branching_minus_M2,,,,dta_feature_ablation_transition_count_limit50_seed13_w090.json,method_comparison,,0.09999999999999998,50,0.9,0.0014297393710883447,mrr,0.007198560287942412,13,overall,,550,
transition_count,-0.006430591904292824,-0.013862006703946245,M4_markov_branching_minus_M2,,,,dta_feature_ablation_transition_count_limit50_seed13_w090.json,method_comparison,,0.09999999999999998,50,0.9,-0.010101951081911044,map,1.0,13,overall,,550,
transition_count,0.0008163265306122451,-0.0008534322820037103,M4_markov_branching_minus_M2,,,,dta_feature_ablation_transition_count_limit50_seed13_w090.json,method_comparison,,0.09999999999999998,50,0.9,2.460153293203472e-19,recall@10,0.46610677864427114,13,overall,,550,
transition_count,0.0036363636363636364,-0.01090909090909091,M4_markov_metric_distortion_minus_M2,,,,dta_feature_ablation_transition_count_limit50_seed13_w090.json,method_comparison,,0.09999999999999998,50,0.9,-0.0036363636363636364,top1_accuracy,1.0,13,overall,,550,
transition_count,0.003296602387511479,-0.004945821854912763,M4_markov_metric_distortion_minus_M2,,,,dta_feature_ablation_transition_count_limit50_seed13_w090.json,method_comparison,,0.09999999999999998,50,0.9,-0.0009153128830548184,mrr,1.0,13,overall,,550,
transition_count,0.0047883401218640756,-0.004649204275537415,M4_markov_metric_distortion_minus_M2,,,,dta_feature_ablation_transition_count_limit50_seed13_w090.json,method_comparison,,0.09999999999999998,50,0.9,4.262324641096882e-05,map,0.48210357928414316,13,overall,,550,
transition_count,0.0002968460111317255,-0.002189239332096475,M4_markov_metric_distortion_minus_M2,,,,dta_feature_ablation_transition_count_limit50_seed13_w090.json,method_comparison,,0.09999999999999998,50,0.9,-0.0009276437847866419,recall@10,1.0,13,overall,,550,
transition_count,0.005454545454545455,-0.005454545454545455,M4_markov_shape_minus_M2,,,,dta_feature_ablation_transition_count_limit50_seed13_w090.json,method_comparison,,0.09999999999999998,50,0.9,0.0,top1_accuracy,1.0,13,overall,,550,
transition_count,0.004701298701298702,-0.001688311688311688,M4_markov_shape_minus_M2,,,,dta_feature_ablation_transition_count_limit50_seed13_w090.json,method_comparison,,0.09999999999999998,50,0.9,0.0012404438181564282,mrr,0.236752649470106,13,overall,,550,
transition_count,0.008243076669742201,0.002836534900774885,M4_markov_shape_minus_M2,,,,dta_feature_ablation_transition_count_limit50_seed13_w090.json,method_comparison,,0.09999999999999998,50,0.9,0.005587860576334789,map,0.0003999200159968006,13,overall,,550,
transition_count,0.0025602968460111323,0.0007421150278293142,M4_markov_shape_minus_M2,,,,dta_feature_ablation_transition_count_limit50_seed13_w090.json,method_comparison,,0.09999999999999998,50,0.9,0.0016326530612244903,recall@10,0.0001999600079984003,13,overall,,550,
transition_count,0.00909090909090909,-0.0036363636363636364,M4_markov_all_minus_M2,,,,dta_feature_ablation_transition_count_limit50_seed13_w090.json,method_comparison,,0.09999999999999998,50,0.9,0.0018181818181818182,top1_accuracy,0.4977004599080184,13,overall,,550,
transition_count,0.006090909090909091,-0.0014090909090909089,M4_markov_all_minus_M2,,,,dta_feature_ablation_transition_count_limit50_seed13_w090.json,method_comparison,,0.09999999999999998,50,0.9,0.0020292277614858264,mrr,0.14197160567886422,13,overall,,550,
transition_count,0.011773323413011525,0.00652079099860191,M4_markov_all_minus_M2,,,,dta_feature_ablation_transition_count_limit50_seed13_w090.json,method_comparison,,0.09999999999999998,50,0.9,0.009169694604131034,map,0.0001999600079984003,13,overall,,550,
transition_count,0.002003710575139147,0.00033395176252319105,M4_markov_all_minus_M2,,,,dta_feature_ablation_transition_count_limit50_seed13_w090.json,method_comparison,,0.09999999999999998,50,0.9,0.001150278293135436,recall@10,0.003999200159968006,13,overall,,550,
transition_count,0.014545454545454545,0.0018181818181818182,M4_markov_length_only_minus_M2,,,,dta_feature_ablation_transition_count_limit50_seed13_w090_length_control.json,method_comparison,,0.09999999999999998,50,0.9,0.007272727272727273,top1_accuracy,0.0617876424715057,13,overall,,550,
transition_count,0.011276637341153471,0.0010625610948191595,M4_markov_length_only_minus_M2,,,,dta_feature_ablation_transition_count_limit50_seed13_w090_length_control.json,method_comparison,,0.09999999999999998,50,0.9,0.005521980463329437,mrr,0.016596680663867228,13,overall,,550,
transition_count,0.032504153436696014,0.02029486110324286,M4_markov_length_only_minus_M2,,,,dta_feature_ablation_transition_count_limit50_seed13_w090_length_control.json,method_comparison,,0.09999999999999998,50,0.9,0.026370711382691026,map,0.0001999600079984003,13,overall,,550,
transition_count,0.0030426716141001855,0.00018552875695732832,M4_markov_length_only_minus_M2,,,,dta_feature_ablation_transition_count_limit50_seed13_w090_length_control.json,method_comparison,,0.09999999999999998,50,0.9,0.0015955473098330244,recall@10,0.016196760647870425,13,overall,,550,
transition_count,0.00909090909090909,0.0,M4_markov_size_depth_minus_M2,,,,dta_feature_ablation_transition_count_limit50_seed13_w090_length_control.json,method_comparison,,0.09999999999999998,50,0.9,0.0036363636363636364,top1_accuracy,0.2471505698860228,13,overall,,550,
transition_count,0.0066516865343844815,0.00019597313732211082,M4_markov_size_depth_minus_M2,,,,dta_feature_ablation_transition_count_limit50_seed13_w090_length_control.json,method_comparison,,0.09999999999999998,50,0.9,0.0028626398039887776,mrr,0.044191161767646474,13,overall,,550,
transition_count,0.01524414159943916,0.008399789355148598,M4_markov_size_depth_minus_M2,,,,dta_feature_ablation_transition_count_limit50_seed13_w090_length_control.json,method_comparison,,0.09999999999999998,50,0.9,0.011835835438922313,map,0.0001999600079984003,13,overall,,550,
transition_count,0.002486085343228201,0.0003339517625231911,M4_markov_size_depth_minus_M2,,,,dta_feature_ablation_transition_count_limit50_seed13_w090_length_control.json,method_comparison,,0.09999999999999998,50,0.9,0.0013729128014842306,recall@10,0.0057988402319536095,13,overall,,550,
transition_count,0.0,0.0,M4_markov_branching_minus_M2,,,,dta_feature_ablation_transition_count_limit50_seed13_w090_length_control.json,method_comparison,,0.09999999999999998,50,0.9,0.0,top1_accuracy,1.0,13,overall,,550,
transition_count,0.0029775171065493647,0.0003195592286501378,M4_markov_branching_minus_M2,,,,dta_feature_ablation_transition_count_limit50_seed13_w090_length_control.json,method_comparison,,0.09999999999999998,50,0.9,0.0014297393710883447,mrr,0.007198560287942412,13,overall,,550,
transition_count,-0.006430591904292824,-0.013862006703946245,M4_markov_branching_minus_M2,,,,dta_feature_ablation_transition_count_limit50_seed13_w090_length_control.json,method_comparison,,0.09999999999999998,50,0.9,-0.010101951081911044,map,1.0,13,overall,,550,
transition_count,0.0008163265306122451,-0.0008534322820037103,M4_markov_branching_minus_M2,,,,dta_feature_ablation_transition_count_limit50_seed13_w090_length_control.json,method_comparison,,0.09999999999999998,50,0.9,2.460153293203472e-19,recall@10,0.46610677864427114,13,overall,,550,
transition_count,0.0036363636363636364,-0.01090909090909091,M4_markov_metric_distortion_minus_M2,,,,dta_feature_ablation_transition_count_limit50_seed13_w090_length_control.json,method_comparison,,0.09999999999999998,50,0.9,-0.0036363636363636364,top1_accuracy,1.0,13,overall,,550,
transition_count,0.003296602387511479,-0.004945821854912763,M4_markov_metric_distortion_minus_M2,,,,dta_feature_ablation_transition_count_limit50_seed13_w090_length_control.json,method_comparison,,0.09999999999999998,50,0.9,-0.0009153128830548184,mrr,1.0,13,overall,,550,
transition_count,0.0047883401218640756,-0.004649204275537415,M4_markov_metric_distortion_minus_M2,,,,dta_feature_ablation_transition_count_limit50_seed13_w090_length_control.json,method_comparison,,0.09999999999999998,50,0.9,4.262324641096882e-05,map,0.48210357928414316,13,overall,,550,
transition_count,0.0002968460111317255,-0.002189239332096475,M4_markov_metric_distortion_minus_M2,,,,dta_feature_ablation_transition_count_limit50_seed13_w090_length_control.json,method_comparison,,0.09999999999999998,50,0.9,-0.0009276437847866419,recall@10,1.0,13,overall,,550,
transition_count,0.005454545454545455,-0.005454545454545455,M4_markov_shape_minus_M2,,,,dta_feature_ablation_transition_count_limit50_seed13_w090_length_control.json,method_comparison,,0.09999999999999998,50,0.9,0.0,top1_accuracy,1.0,13,overall,,550,
transition_count,0.004701298701298702,-0.001688311688311688,M4_markov_shape_minus_M2,,,,dta_feature_ablation_transition_count_limit50_seed13_w090_length_control.json,method_comparison,,0.09999999999999998,50,0.9,0.0012404438181564282,mrr,0.236752649470106,13,overall,,550,
transition_count,0.008243076669742201,0.002836534900774885,M4_markov_shape_minus_M2,,,,dta_feature_ablation_transition_count_limit50_seed13_w090_length_control.json,method_comparison,,0.09999999999999998,50,0.9,0.005587860576334789,map,0.0003999200159968006,13,overall,,550,
transition_count,0.0025602968460111323,0.0007421150278293142,M4_markov_shape_minus_M2,,,,dta_feature_ablation_transition_count_limit50_seed13_w090_length_control.json,method_comparison,,0.09999999999999998,50,0.9,0.0016326530612244903,recall@10,0.0001999600079984003,13,overall,,550,
transition_count,0.00909090909090909,-0.0036363636363636364,M4_markov_all_minus_M2,,,,dta_feature_ablation_transition_count_limit50_seed13_w090_length_control.json,method_comparison,,0.09999999999999998,50,0.9,0.0018181818181818182,top1_accuracy,0.4977004599080184,13,overall,,550,
transition_count,0.006090909090909091,-0.0014090909090909089,M4_markov_all_minus_M2,,,,dta_feature_ablation_transition_count_limit50_seed13_w090_length_control.json,method_comparison,,0.09999999999999998,50,0.9,0.0020292277614858264,mrr,0.14197160567886422,13,overall,,550,
transition_count,0.011773323413011525,0.00652079099860191,M4_markov_all_minus_M2,,,,dta_feature_ablation_transition_count_limit50_seed13_w090_length_control.json,method_comparison,,0.09999999999999998,50,0.9,0.009169694604131034,map,0.0001999600079984003,13,overall,,550,
transition_count,0.002003710575139147,0.00033395176252319105,M4_markov_all_minus_M2,,,,dta_feature_ablation_transition_count_limit50_seed13_w090_length_control.json,method_comparison,,0.09999999999999998,50,0.9,0.001150278293135436,recall@10,0.003999200159968006,13,overall,,550,
flat_markov_jsd,,,M4_markov_all_minus_M2,0.027272727272727226,0.004545454545454519,0.009819304088496753,dta_multiseed_ablation_limit20_w085.json,multiseed_ablation,,0.15000000000000002,20,0.85,0.013636363636363594,top1_accuracy,,,multiseed_mean,,660,
flat_markov_jsd,,,M4_markov_all_minus_M2,0.017705150580644702,0.004569264069264056,0.005789636158255449,dta_multiseed_ablation_limit20_w085.json,multiseed_ablation,,0.15000000000000002,20,0.85,0.009594271632029971,mrr,,,multiseed_mean,,660,
flat_markov_jsd,,,M4_markov_all_minus_M2,0.033843664072469415,0.0292544382812151,0.0018740337646117905,dta_multiseed_ablation_limit20_w085.json,multiseed_ablation,,0.15000000000000002,20,0.85,0.03151874449122608,map,,,multiseed_mean,,660,
flat_markov_jsd,,,M4_markov_all_minus_M2,0.019377990430621994,0.01578947368421052,0.001638168946106399,dta_multiseed_ablation_limit20_w085.json,multiseed_ablation,,0.15000000000000002,20,0.85,0.01810207336523127,recall@10,,,multiseed_mean,,660,
flat_markov_jsd,,,M4_markov_branching_minus_M2,0.013636363636363669,-0.013636363636363669,0.01113404428537811,dta_multiseed_ablation_limit20_w085.json,multiseed_ablation,,0.15000000000000002,20,0.85,0.0,top1_accuracy,,,multiseed_mean,,660,
flat_markov_jsd,,,M4_markov_branching_minus_M2,0.008941245134793663,-0.006020562770562732,0.006198722571475505,dta_multiseed_ablation_limit20_w085.json,multiseed_ablation,,0.15000000000000002,20,0.85,0.0022069598549741,mrr,,,multiseed_mean,,660,
flat_markov_jsd,,,M4_markov_branching_minus_M2,0.020433675028785903,0.01022729187109006,0.004333385902396858,dta_multiseed_ablation_limit20_w085.json,multiseed_ablation,,0.15000000000000002,20,0.85,0.01448890046171214,map,,,multiseed_mean,,660,
flat_markov_jsd,,,M4_markov_branching_minus_M2,0.016507177033492748,0.009330143540669855,0.0030071304043005715,dta_multiseed_ablation_limit20_w085.json,multiseed_ablation,,0.15000000000000002,20,0.85,0.012440191387559788,recall@10,,,multiseed_mean,,660,
flat_markov_jsd,,,M4_markov_metric_distortion_minus_M2,0.018181818181818188,-0.027272727272727337,0.020440511459442503,dta_multiseed_ablation_limit20_w085.json,multiseed_ablation,,0.15000000000000002,20,0.85,0.0015151515151514694,top1_accuracy,,,multiseed_mean,,660,
flat_markov_jsd,,,M4_markov_metric_distortion_minus_M2,0.013913185604024991,-0.012851370851370891,0.01108079418314426,dta_multiseed_ablation_limit20_w085.json,multiseed_ablation,,0.15000000000000002,20,0.85,0.0018335494389939422,mrr,,,multiseed_mean,,660,
flat_markov_jsd,,,M4_markov_metric_distortion_minus_M2,0.017510607683184354,-0.00010411469344528967,0.00810848844386392,dta_multiseed_ablation_limit20_w085.json,multiseed_ablation,,0.15000000000000002,20,0.85,0.011352256760671827,map,,,multiseed_mean,,660,
flat_markov_jsd,,,M4_markov_metric_distortion_minus_M2,0.01387559808612443,-0.0007177033492822837,0.006241528526108291,dta_multiseed_ablation_limit20_w085.json,multiseed_ablation,,0.15000000000000002,20,0.85,0.007894736842105269,recall@10,,,multiseed_mean,,660,
flat_markov_jsd,,,M4_markov_shape_minus_M2,0.031818181818181746,-0.00909090909090915,0.01673539548058675,dta_multiseed_ablation_limit20_w085.json,multiseed_ablation,,0.15000000000000002,20,0.85,0.010606060606060544,top1_accuracy,,,multiseed_mean,,660,
flat_markov_jsd,,,M4_markov_shape_minus_M2,0.022095759971254125,-0.0027542457542457655,0.0102436044295638,dta_multiseed_ablation_limit20_w085.json,multiseed_ablation,,0.15000000000000002,20,0.85,0.008668018953130888,mrr,,,multiseed_mean,,660,
flat_markov_jsd,,,M4_markov_shape_minus_M2,0.02951369193824971,0.026700816355718304,0.0011793449281676275,dta_multiseed_ablation_limit20_w085.json,multiseed_ablation,,0.15000000000000002,20,0.85,0.028297179069599682,map,,,multiseed_mean,,660,
flat_markov_jsd,,,M4_markov_shape_minus_M2,0.019138755980861177,0.016267942583732042,0.0013005985989075026,dta_multiseed_ablation_limit20_w085.json,multiseed_ablation,,0.15000000000000002,20,0.85,0.018102073365231248,recall@10,,,multiseed_mean,,660,
flat_markov_jsd,,,M4_markov_size_depth_minus_M2,0.013636363636363558,0.0,0.005669177858748363,dta_multiseed_ablation_limit20_w085.json,multiseed_ablation,,0.15000000000000002,20,0.85,0.006060606060606026,top1_accuracy,,,multiseed_mean,,660,
flat_markov_jsd,,,M4_markov_size_depth_minus_M2,0.009476712352206373,0.0041050353155616115,0.002194537860581103,dta_multiseed_ablation_limit20_w085.json,multiseed_ablation,,0.15000000000000002,20,0.85,0.006732375726274535,mrr,,,multiseed_mean,,660,
flat_markov_jsd,,,M4_markov_size_depth_minus_M2,0.033199347719944816,0.0216624470724055,0.004959631925059662,dta_multiseed_ablation_limit20_w085.json,multiseed_ablation,,0.15000000000000002,20,0.85,0.02852967006151715,map,,,multiseed_mean,,660,
flat_markov_jsd,,,M4_markov_size_depth_minus_M2,0.021770334928229718,0.010047846889952139,0.004958306716653879,dta_multiseed_ablation_limit20_w085.json,multiseed_ablation,,0.15000000000000002,20,0.85,0.014992025518341315,recall@10,,,multiseed_mean,,660,
transition_count,,,M4_markov_all_minus_M2,0.004545454545454519,-0.00909090909090915,0.006428243465332265,dta_multiseed_ablation_transition_count_limit20_w090.json,multiseed_ablation,,0.09999999999999998,20,0.9,-3.700743415417188e-17,top1_accuracy,,,multiseed_mean,,660,
transition_count,,,M4_markov_all_minus_M2,0.004055702217378054,-0.0043316498316497976,0.00365699164723508,dta_multiseed_ablation_transition_count_limit20_w090.json,multiseed_ablation,,0.09999999999999998,20,0.9,0.0007700392734119413,mrr,,,multiseed_mean,,660,
transition_count,,,M4_markov_all_minus_M2,0.010407418409647318,0.00555334248761441,0.002023120860514002,dta_multiseed_ablation_transition_count_limit20_w090.json,multiseed_ablation,,0.09999999999999998,20,0.9,0.008268485614704798,map,,,multiseed_mean,,660,
transition_count,,,M4_markov_all_minus_M2,0.005741626794258381,-0.005023923444976097,0.004865087413929717,dta_multiseed_ablation_transition_count_limit20_w090.json,multiseed_ablation,,0.09999999999999998,20,0.9,0.001834130781499188,recall@10,,,multiseed_mean,,660,
transition_count,,,M4_markov_branching_minus_M2,0.004545454545454519,0.0,0.0021427478217774043,dta_multiseed_ablation_transition_count_limit20_w090.json,multiseed_ablation,,0.09999999999999998,20,0.9,0.003030303030303013,top1_accuracy,,,multiseed_mean,,660,
transition_count,,,M4_markov_branching_minus_M2,0.00325224274978142,0.0025023994595299026,0.00033752013336256915,dta_multiseed_ablation_transition_count_limit20_w090.json,multiseed_ablation,,0.09999999999999998,20,0.9,0.002776799928356296,mrr,,,multiseed_mean,,660,
transition_count,,,M4_markov_branching_minus_M2,-0.003996421811673034,-0.011490938128930317,0.003227319553717731,dta_multiseed_ablation_transition_count_limit20_w090.json,multiseed_ablation,,0.09999999999999998,20,0.9,-0.008469729451008582,map,,,multiseed_mean,,660,
transition_count,,,M4_markov_branching_minus_M2,-0.002392344497607668,-0.006937799043062187,0.001956593962740867,dta_multiseed_ablation_transition_count_limit20_w090.json,multiseed_ablation,,0.09999999999999998,20,0.9,-0.004226475279106856,recall@10,,,multiseed_mean,,660,
transition_count,,,M4_markov_metric_distortion_minus_M2,0.004545454545454519,-0.004545454545454519,0.004285495643554809,dta_multiseed_ablation_transition_count_limit20_w090.json,multiseed_ablation,,0.09999999999999998,20,0.9,0.0015151515151515065,top1_accuracy,,,multiseed_mean,,660,
transition_count,,,M4_markov_metric_distortion_minus_M2,0.0028223376301469427,-0.0032645687645688204,0.0026722256322962933,dta_multiseed_ablation_transition_count_limit20_w090.json,multiseed_ablation,,0.09999999999999998,20,0.9,0.0004737650892915705,mrr,,,multiseed_mean,,660,
transition_count,,,M4_markov_metric_distortion_minus_M2,0.0032113225757655073,-0.0036855820197584377,0.00319639822741018,dta_multiseed_ablation_transition_count_limit20_w090.json,multiseed_ablation,,0.09999999999999998,20,0.9,-0.0013069613586487912,map,,,multiseed_mean,,660,
transition_count,,,M4_markov_metric_distortion_minus_M2,0.00023923444976076125,-0.011961722488038284,0.005357759818896602,dta_multiseed_ablation_transition_count_limit20_w090.json,multiseed_ablation,,0.09999999999999998,20,0.9,-0.004465709728867617,recall@10,,,multiseed_mean,,660,
transition_count,,,M4_markov_shape_minus_M2,0.0,-0.004545454545454519,0.0021427478217774043,dta_multiseed_ablation_transition_count_limit20_w090.json,multiseed_ablation,,0.09999999999999998,20,0.9,-0.0015151515151515065,top1_accuracy,,,multiseed_mean,,660,
transition_count,,,M4_markov_shape_minus_M2,0.0017795829384178452,-0.0024755892255892142,0.0017736635184796821,dta_multiseed_ablation_transition_count_limit20_w090.json,multiseed_ablation,,0.09999999999999998,20,0.9,-9.488862481110694e-05,mrr,,,multiseed_mean,,660,
transition_count,,,M4_markov_shape_minus_M2,0.010476332472751815,0.0036690913491208565,0.0031961518912802717,dta_multiseed_ablation_transition_count_limit20_w090.json,multiseed_ablation,,0.09999999999999998,20,0.9,0.005956401404642116,map,,,multiseed_mean,,660,
transition_count,,,M4_markov_shape_minus_M2,0.006937799043062187,-0.0016746411483253842,0.0035609431517968325,dta_multiseed_ablation_transition_count_limit20_w090.json,multiseed_ablation,,0.09999999999999998,20,0.9,0.003030303030303013,recall@10,,,multiseed_mean,,660,
transition_count,,,M4_markov_size_depth_minus_M2,0.00909090909090915,-0.004545454545454519,0.005669177858748413,dta_multiseed_ablation_transition_count_limit20_w090.json,multiseed_ablation,,0.09999999999999998,20,0.9,0.0015151515151515433,top1_accuracy,,,multiseed_mean,,660,
transition_count,,,M4_markov_size_depth_minus_M2,0.0078048699205441885,-0.00374271747266397,0.004760612699799438,dta_multiseed_ablation_transition_count_limit20_w090.json,multiseed_ablation,,0.09999999999999998,20,0.9,0.0015625835113349067,mrr,,,multiseed_mean,,660,
transition_count,,,M4_markov_size_depth_minus_M2,0.015216356262094277,0.00779083692570226,0.003132156223881,dta_multiseed_ablation_transition_count_limit20_w090.json,multiseed_ablation,,0.09999999999999998,20,0.9,0.012060678144604505,map,,,multiseed_mean,,660,
transition_count,,,M4_markov_size_depth_minus_M2,0.0076555023923445265,-0.004306220095693758,0.005098681774528155,dta_multiseed_ablation_transition_count_limit20_w090.json,multiseed_ablation,,0.09999999999999998,20,0.9,0.00271132376395535,recall@10,,,multiseed_mean,,660,
flat_markov_jsd,0.06363636363636363,-0.02727272727272727,paired_tests_M4_minus_M2,,,,dta_retrieval_limit10_w08.json,method_comparison,,0.19999999999999996,10,0.8,0.01818181818181818,top1_accuracy,0.35132973405318935,,overall,,110,
flat_markov_jsd,0.03194731404958678,-0.01640840220385675,paired_tests_M4_minus_M2,,,,dta_retrieval_limit10_w08.json,method_comparison,,0.19999999999999996,10,0.8,0.007199839302112029,mrr,0.3105378924215157,,overall,,110,
flat_markov_jsd,0.05159029667484452,0.023582649588704527,paired_tests_M4_minus_M2,,,,dta_retrieval_limit10_w08.json,method_comparison,,0.19999999999999996,10,0.8,0.03723003480794871,map,0.0001999600079984003,,overall,,110,
flat_markov_jsd,0.05555555555555555,0.018181818181818174,paired_tests_M4_minus_M2,,,,dta_retrieval_limit10_w08.json,method_comparison,,0.19999999999999996,10,0.8,0.03636363636363636,recall@10,0.0001999600079984003,,overall,,110,
flat_markov_jsd,0.045454545454545456,-0.01818181818181818,paired_tests_M4_minus_M2,,,,dta_retrieval_limit20_w08.json,method_comparison,,0.19999999999999996,20,0.8,0.013636363636363636,top1_accuracy,0.29114177164567084,,overall,,220,
flat_markov_jsd,0.03130017722464615,-0.010593762169293247,paired_tests_M4_minus_M2,,,,dta_retrieval_limit20_w08.json,method_comparison,,0.19999999999999996,20,0.8,0.009987045911514832,mrr,0.17176564687062587,,overall,,220,
flat_markov_jsd,0.051739441486096306,0.03186768321759602,paired_tests_M4_minus_M2,,,,dta_retrieval_limit20_w08.json,method_comparison,,0.19999999999999996,20,0.8,0.041722984020743446,map,0.0001999600079984003,,overall,,220,
flat_markov_jsd,0.03301435406698564,0.014593301435406698,paired_tests_M4_minus_M2,,,,dta_retrieval_limit20_w08.json,method_comparison,,0.19999999999999996,20,0.8,0.02392344497607655,recall@10,0.0001999600079984003,,overall,,220,
