baseline_kind,experiment_file,experiment_type,feature_set,geometry_weight,limit_per_task,map,markov_weight,method,mrr,recall@10,sample_seed,scope,task_label,test_per_task,top1_accuracy,valid_records,validation_per_task
transition_count,dta_confirmatory_feature_sweep_transition_count_v20_t50_seed101.json,confirmatory_feature_sweep,,,,0.8700477667939763,,baseline,1.0,0.19673469387755102,101,test_by_task,0,50,1.0,550,20
transition_count,dta_confirmatory_feature_sweep_transition_count_v20_t50_seed101.json,confirmatory_feature_sweep,,,,0.779235188326867,,baseline,0.9716666666666667,0.19020408163265304,101,test_by_task,1,50,0.96,550,20
transition_count,dta_confirmatory_feature_sweep_transition_count_v20_t50_seed101.json,confirmatory_feature_sweep,,,,0.5443926960479137,,baseline,1.0,0.17959183673469387,101,test_by_task,10,50,1.0,550,20
transition_count,dta_confirmatory_feature_sweep_transition_count_v20_t50_seed101.json,confirmatory_feature_sweep,,,,0.9148271382576602,,baseline,1.0,0.20326530612244897,101,test_by_task,2,50,1.0,550,20
transition_count,dta_confirmatory_feature_sweep_transition_count_v20_t50_seed101.json,confirmatory_feature_sweep,,,,0.8872111110641819,,baseline,0.99,0.19714285714285715,101,test_by_task,3,50,0.98,550,20
transition_count,dta_confirmatory_feature_sweep_transition_count_v20_t50_seed101.json,confirmatory_feature_sweep,,,,0.82174744070443,,baseline,1.0,0.20326530612244897,101,test_by_task,4,50,1.0,550,20
transition_count,dta_confirmatory_feature_sweep_transition_count_v20_t50_seed101.json,confirmatory_feature_sweep,,,,0.5953221156681743,,baseline,0.9502817040624691,0.18,101,test_by_task,5,50,0.94,550,20
transition_count,dta_confirmatory_feature_sweep_transition_count_v20_t50_seed101.json,confirmatory_feature_sweep,,,,0.5997236282869799,,baseline,1.0,0.17918367346938777,101,test_by_task,6,50,1.0,550,20
transition_count,dta_confirmatory_feature_sweep_transition_count_v20_t50_seed101.json,confirmatory_feature_sweep,,,,0.6832333650433426,,baseline,0.99,0.17877551020408164,101,test_by_task,7,50,0.98,550,20
transition_count,dta_confirmatory_feature_sweep_transition_count_v20_t50_seed101.json,confirmatory_feature_sweep,,,,0.7043570870137512,,baseline,0.99,0.17836734693877554,101,test_by_task,8,50,0.98,550,20
transition_count,dta_confirmatory_feature_sweep_transition_count_v20_t50_seed101.json,confirmatory_feature_sweep,,,,0.8090985066920521,,baseline,1.0,0.1893877551020408,101,test_by_task,9,50,1.0,550,20
transition_count,dta_confirmatory_feature_sweep_transition_count_v20_t50_seed101.json,confirmatory_feature_sweep,length_only,0.09999999999999998,,0.8401836716420388,0.9,candidate_length_only,1.0,0.1979591836734694,101,test_by_task,0,50,1.0,550,20
transition_count,dta_confirmatory_feature_sweep_transition_count_v20_t50_seed101.json,confirmatory_feature_sweep,length_only,0.09999999999999998,,0.7889484994663366,0.9,candidate_length_only,0.99,0.19510204081632654,101,test_by_task,1,50,0.98,550,20
transition_count,dta_confirmatory_feature_sweep_transition_count_v20_t50_seed101.json,confirmatory_feature_sweep,length_only,0.09999999999999998,,0.7071108546799,0.9,candidate_length_only,1.0,0.19020408163265304,101,test_by_task,10,50,1.0,550,20
transition_count,dta_confirmatory_feature_sweep_transition_count_v20_t50_seed101.json,confirmatory_feature_sweep,length_only,0.09999999999999998,,0.9056214445894295,0.9,candidate_length_only,1.0,0.20244897959183675,101,test_by_task,2,50,1.0,550,20
transition_count,dta_confirmatory_feature_sweep_transition_count_v20_t50_seed101.json,confirmatory_feature_sweep,length_only,0.09999999999999998,,0.9369746623719017,0.9,candidate_length_only,1.0,0.20163265306122452,101,test_by_task,3,50,1.0,550,20
transition_count,dta_confirmatory_feature_sweep_transition_count_v20_t50_seed101.json,confirmatory_feature_sweep,length_only,0.09999999999999998,,0.8058947953950516,0.9,candidate_length_only,1.0,0.19714285714285715,101,test_by_task,4,50,1.0,550,20
transition_count,dta_confirmatory_feature_sweep_transition_count_v20_t50_seed101.json,confirmatory_feature_sweep,length_only,0.09999999999999998,,0.6206515289242721,0.9,candidate_length_only,0.9602975224494211,0.1816326530612245,101,test_by_task,5,50,0.96,550,20
transition_count,dta_confirmatory_feature_sweep_transition_count_v20_t50_seed101.json,confirmatory_feature_sweep,length_only,0.09999999999999998,,0.5805107885902184,0.9,candidate_length_only,1.0,0.17918367346938777,101,test_by_task,6,50,1.0,550,20
transition_count,dta_confirmatory_feature_sweep_transition_count_v20_t50_seed101.json,confirmatory_feature_sweep,length_only,0.09999999999999998,,0.7542243076542658,0.9,candidate_length_only,0.99,0.18857142857142858,101,test_by_task,7,50,0.98,550,20
transition_count,dta_confirmatory_feature_sweep_transition_count_v20_t50_seed101.json,confirmatory_feature_sweep,length_only,0.09999999999999998,,0.7436448522954231,0.9,candidate_length_only,0.99,0.18081632653061225,101,test_by_task,8,50,0.98,550,20
transition_count,dta_confirmatory_feature_sweep_transition_count_v20_t50_seed101.json,confirmatory_feature_sweep,length_only,0.09999999999999998,,0.8337825486825384,0.9,candidate_length_only,0.99,0.1926530612244898,101,test_by_task,9,50,0.98,550,20
transition_count,dta_confirmatory_feature_sweep_transition_count_v20_t50_seed101.json,confirmatory_feature_sweep,size_depth,0.09999999999999998,,0.8628866746759175,0.9,candidate_size_depth,1.0,0.19836734693877553,101,test_by_task,0,50,1.0,550,20
transition_count,dta_confirmatory_feature_sweep_transition_count_v20_t50_seed101.json,confirmatory_feature_sweep,size_depth,0.09999999999999998,,0.7884483571925317,0.9,candidate_size_depth,0.99,0.19306122448979593,101,test_by_task,1,50,0.98,550,20
transition_count,dta_confirmatory_feature_sweep_transition_count_v20_t50_seed101.json,confirmatory_feature_sweep,size_depth,0.09999999999999998,,0.6115976318385454,0.9,candidate_size_depth,1.0,0.1853061224489796,101,test_by_task,10,50,1.0,550,20
transition_count,dta_confirmatory_feature_sweep_transition_count_v20_t50_seed101.json,confirmatory_feature_sweep,size_depth,0.09999999999999998,,0.8951847339307156,0.9,candidate_size_depth,1.0,0.20326530612244897,101,test_by_task,2,50,1.0,550,20
transition_count,dta_confirmatory_feature_sweep_transition_count_v20_t50_seed101.json,confirmatory_feature_sweep,size_depth,0.09999999999999998,,0.920731645766653,0.9,candidate_size_depth,1.0,0.2,101,test_by_task,3,50,1.0,550,20
transition_count,dta_confirmatory_feature_sweep_transition_count_v20_t50_seed101.json,confirmatory_feature_sweep,size_depth,0.09999999999999998,,0.8053487993660585,0.9,candidate_size_depth,1.0,0.20081632653061224,101,test_by_task,4,50,1.0,550,20
transition_count,dta_confirmatory_feature_sweep_transition_count_v20_t50_seed101.json,confirmatory_feature_sweep,size_depth,0.09999999999999998,,0.6306569942615043,0.9,candidate_size_depth,0.9602613878246062,0.18081632653061225,101,test_by_task,5,50,0.96,550,20
transition_count,dta_confirmatory_feature_sweep_transition_count_v20_t50_seed101.json,confirmatory_feature_sweep,size_depth,0.09999999999999998,,0.6013819351084542,0.9,candidate_size_depth,1.0,0.18163265306122447,101,test_by_task,6,50,1.0,550,20
transition_count,dta_confirmatory_feature_sweep_transition_count_v20_t50_seed101.json,confirmatory_feature_sweep,size_depth,0.09999999999999998,,0.6825661181146381,0.9,candidate_size_depth,0.98,0.18326530612244898,101,test_by_task,7,50,0.96,550,20
transition_count,dta_confirmatory_feature_sweep_transition_count_v20_t50_seed101.json,confirmatory_feature_sweep,size_depth,0.09999999999999998,,0.7311843114126879,0.9,candidate_size_depth,0.99,0.1816326530612245,101,test_by_task,8,50,0.98,550,20
transition_count,dta_confirmatory_feature_sweep_transition_count_v20_t50_seed101.json,confirmatory_feature_sweep,size_depth,0.09999999999999998,,0.831410226042976,0.9,candidate_size_depth,0.99,0.19346938775510203,101,test_by_task,9,50,0.98,550,20
transition_count,dta_confirmatory_feature_sweep_transition_count_v20_t50_seed101.json,confirmatory_feature_sweep,branching,0.0,,0.8700477667939763,1.0,candidate_branching,1.0,0.19673469387755102,101,test_by_task,0,50,1.0,550,20
transition_count,dta_confirmatory_feature_sweep_transition_count_v20_t50_seed101.json,confirmatory_feature_sweep,branching,0.0,,0.779235188326867,1.0,candidate_branching,0.9716666666666667,0.19020408163265304,101,test_by_task,1,50,0.96,550,20
transition_count,dta_confirmatory_feature_sweep_transition_count_v20_t50_seed101.json,confirmatory_feature_sweep,branching,0.0,,0.5443926960479137,1.0,candidate_branching,1.0,0.17959183673469387,101,test_by_task,10,50,1.0,550,20
transition_count,dta_confirmatory_feature_sweep_transition_count_v20_t50_seed101.json,confirmatory_feature_sweep,branching,0.0,,0.9148271382576602,1.0,candidate_branching,1.0,0.20326530612244897,101,test_by_task,2,50,1.0,550,20
transition_count,dta_confirmatory_feature_sweep_transition_count_v20_t50_seed101.json,confirmatory_feature_sweep,branching,0.0,,0.8872111110641819,1.0,candidate_branching,0.99,0.19714285714285715,101,test_by_task,3,50,0.98,550,20
transition_count,dta_confirmatory_feature_sweep_transition_count_v20_t50_seed101.json,confirmatory_feature_sweep,branching,0.0,,0.82174744070443,1.0,candidate_branching,1.0,0.20326530612244897,101,test_by_task,4,50,1.0,550,20
transition_count,dta_confirmatory_feature_sweep_transition_count_v20_t50_seed101.json,confirmatory_feature_sweep,branching,0.0,,0.5953218648766133,1.0,candidate_branching,0.9502817040624691,0.18,101,test_by_task,5,50,0.94,550,20
transition_count,dta_confirmatory_feature_sweep_transition_count_v20_t50_seed101.json,confirmatory_feature_sweep,branching,0.0,,0.5997236282869799,1.0,candidate_branching,1.0,0.17918367346938777,101,test_by_task,6,50,1.0,550,20
transition_count,dta_confirmatory_feature_sweep_transition_count_v20_t50_seed101.json,confirmatory_feature_sweep,branching,0.0,,0.6832333650433426,1.0,candidate_branching,0.99,0.17877551020408164,101,test_by_task,7,50,0.98,550,20
transition_count,dta_confirmatory_feature_sweep_transition_count_v20_t50_seed101.json,confirmatory_feature_sweep,branching,0.0,,0.7043570870137512,1.0,candidate_branching,0.99,0.17836734693877554,101,test_by_task,8,50,0.98,550,20
transition_count,dta_confirmatory_feature_sweep_transition_count_v20_t50_seed101.json,confirmatory_feature_sweep,branching,0.0,,0.8090985066920521,1.0,candidate_branching,1.0,0.1893877551020408,101,test_by_task,9,50,1.0,550,20
transition_count,dta_confirmatory_feature_sweep_transition_count_v20_t50_seed101.json,confirmatory_feature_sweep,metric_distortion,0.050000000000000044,,0.8756493108537284,0.95,candidate_metric_distortion,1.0,0.19673469387755102,101,test_by_task,0,50,1.0,550,20
transition_count,dta_confirmatory_feature_sweep_transition_count_v20_t50_seed101.json,confirmatory_feature_sweep,metric_distortion,0.050000000000000044,,0.8119084366448233,0.95,candidate_metric_distortion,0.9766666666666667,0.19551020408163264,101,test_by_task,1,50,0.96,550,20
transition_count,dta_confirmatory_feature_sweep_transition_count_v20_t50_seed101.json,confirmatory_feature_sweep,metric_distortion,0.050000000000000044,,0.5561947396240828,0.95,candidate_metric_distortion,1.0,0.1820408163265306,101,test_by_task,10,50,1.0,550,20
transition_count,dta_confirmatory_feature_sweep_transition_count_v20_t50_seed101.json,confirmatory_feature_sweep,metric_distortion,0.050000000000000044,,0.9118451264106662,0.95,candidate_metric_distortion,1.0,0.20244897959183675,101,test_by_task,2,50,1.0,550,20
transition_count,dta_confirmatory_feature_sweep_transition_count_v20_t50_seed101.json,confirmatory_feature_sweep,metric_distortion,0.050000000000000044,,0.9183818538496898,0.95,candidate_metric_distortion,1.0,0.1979591836734694,101,test_by_task,3,50,1.0,550,20
transition_count,dta_confirmatory_feature_sweep_transition_count_v20_t50_seed101.json,confirmatory_feature_sweep,metric_distortion,0.050000000000000044,,0.7937264337762998,0.95,candidate_metric_distortion,1.0,0.1995918367346939,101,test_by_task,4,50,1.0,550,20
transition_count,dta_confirmatory_feature_sweep_transition_count_v20_t50_seed101.json,confirmatory_feature_sweep,metric_distortion,0.050000000000000044,,0.5983786559534857,0.95,candidate_metric_distortion,0.9502574503311259,0.18,101,test_by_task,5,50,0.94,550,20
transition_count,dta_confirmatory_feature_sweep_transition_count_v20_t50_seed101.json,confirmatory_feature_sweep,metric_distortion,0.050000000000000044,,0.6038620182914974,0.95,candidate_metric_distortion,1.0,0.18,101,test_by_task,6,50,1.0,550,20
transition_count,dta_confirmatory_feature_sweep_transition_count_v20_t50_seed101.json,confirmatory_feature_sweep,metric_distortion,0.050000000000000044,,0.6801339750765669,0.95,candidate_metric_distortion,0.99,0.17959183673469387,101,test_by_task,7,50,0.98,550,20
transition_count,dta_confirmatory_feature_sweep_transition_count_v20_t50_seed101.json,confirmatory_feature_sweep,metric_distortion,0.050000000000000044,,0.6961808759580528,0.95,candidate_metric_distortion,0.99,0.17795918367346938,101,test_by_task,8,50,0.98,550,20
transition_count,dta_confirmatory_feature_sweep_transition_count_v20_t50_seed101.json,confirmatory_feature_sweep,metric_distortion,0.050000000000000044,,0.8097380201921393,0.95,candidate_metric_distortion,1.0,0.1893877551020408,101,test_by_task,9,50,1.0,550,20
transition_count,dta_confirmatory_feature_sweep_transition_count_v20_t50_seed101.json,confirmatory_feature_sweep,shape,0.09999999999999998,,0.856962521557177,0.9,candidate_shape,1.0,0.19755102040816325,101,test_by_task,0,50,1.0,550,20
transition_count,dta_confirmatory_feature_sweep_transition_count_v20_t50_seed101.json,confirmatory_feature_sweep,shape,0.09999999999999998,,0.7619854893241341,0.9,candidate_shape,0.98,0.18979591836734694,101,test_by_task,1,50,0.96,550,20
transition_count,dta_confirmatory_feature_sweep_transition_count_v20_t50_seed101.json,confirmatory_feature_sweep,shape,0.09999999999999998,,0.5762002104248253,0.9,candidate_shape,1.0,0.18816326530612243,101,test_by_task,10,50,1.0,550,20
transition_count,dta_confirmatory_feature_sweep_transition_count_v20_t50_seed101.json,confirmatory_feature_sweep,shape,0.09999999999999998,,0.8953705208206872,0.9,candidate_shape,1.0,0.20122448979591837,101,test_by_task,2,50,1.0,550,20
transition_count,dta_confirmatory_feature_sweep_transition_count_v20_t50_seed101.json,confirmatory_feature_sweep,shape,0.09999999999999998,,0.9278253744632073,0.9,candidate_shape,1.0,0.19877551020408163,101,test_by_task,3,50,1.0,550,20
transition_count,dta_confirmatory_feature_sweep_transition_count_v20_t50_seed101.json,confirmatory_feature_sweep,shape,0.09999999999999998,,0.8238491498338655,0.9,candidate_shape,1.0,0.20122448979591837,101,test_by_task,4,50,1.0,550,20
transition_count,dta_confirmatory_feature_sweep_transition_count_v20_t50_seed101.json,confirmatory_feature_sweep,shape,0.09999999999999998,,0.6015411822354093,0.9,candidate_shape,0.9603307189542484,0.18122448979591838,101,test_by_task,5,50,0.96,550,20
transition_count,dta_confirmatory_feature_sweep_transition_count_v20_t50_seed101.json,confirmatory_feature_sweep,shape,0.09999999999999998,,0.5963462046882282,0.9,candidate_shape,1.0,0.17959183673469387,101,test_by_task,6,50,1.0,550,20
transition_count,dta_confirmatory_feature_sweep_transition_count_v20_t50_seed101.json,confirmatory_feature_sweep,shape,0.09999999999999998,,0.6890520097401651,0.9,candidate_shape,0.99,0.18244897959183676,101,test_by_task,7,50,0.98,550,20
transition_count,dta_confirmatory_feature_sweep_transition_count_v20_t50_seed101.json,confirmatory_feature_sweep,shape,0.09999999999999998,,0.7075249378676662,0.9,candidate_shape,1.0,0.17877551020408164,101,test_by_task,8,50,1.0,550,20
transition_count,dta_confirmatory_feature_sweep_transition_count_v20_t50_seed101.json,confirmatory_feature_sweep,shape,0.09999999999999998,,0.8310659857271219,0.9,candidate_shape,0.9866666666666667,0.1942857142857143,101,test_by_task,9,50,0.98,550,20
transition_count,dta_confirmatory_feature_sweep_transition_count_v20_t50_seed101.json,confirmatory_feature_sweep,all,0.09999999999999998,,0.8667365810004619,0.9,candidate_all,1.0,0.1979591836734694,101,test_by_task,0,50,1.0,550,20
transition_count,dta_confirmatory_feature_sweep_transition_count_v20_t50_seed101.json,confirmatory_feature_sweep,all,0.09999999999999998,,0.7870299273595969,0.9,candidate_all,0.9766666666666667,0.1942857142857143,101,test_by_task,1,50,0.96,550,20
transition_count,dta_confirmatory_feature_sweep_transition_count_v20_t50_seed101.json,confirmatory_feature_sweep,all,0.09999999999999998,,0.5742754701438354,0.9,candidate_all,1.0,0.18775510204081633,101,test_by_task,10,50,1.0,550,20
transition_count,dta_confirmatory_feature_sweep_transition_count_v20_t50_seed101.json,confirmatory_feature_sweep,all,0.09999999999999998,,0.9032827823549373,0.9,candidate_all,1.0,0.20163265306122452,101,test_by_task,2,50,1.0,550,20
transition_count,dta_confirmatory_feature_sweep_transition_count_v20_t50_seed101.json,confirmatory_feature_sweep,all,0.09999999999999998,,0.933657619816668,0.9,candidate_all,1.0,0.19877551020408163,101,test_by_task,3,50,1.0,550,20
transition_count,dta_confirmatory_feature_sweep_transition_count_v20_t50_seed101.json,confirmatory_feature_sweep,all,0.09999999999999998,,0.8107703079876584,0.9,candidate_all,1.0,0.1995918367346939,101,test_by_task,4,50,1.0,550,20
transition_count,dta_confirmatory_feature_sweep_transition_count_v20_t50_seed101.json,confirmatory_feature_sweep,all,0.09999999999999998,,0.6009413854947045,0.9,candidate_all,0.9602660185594344,0.18081632653061225,101,test_by_task,5,50,0.96,550,20
transition_count,dta_confirmatory_feature_sweep_transition_count_v20_t50_seed101.json,confirmatory_feature_sweep,all,0.09999999999999998,,0.6001142033613883,0.9,candidate_all,1.0,0.17959183673469387,101,test_by_task,6,50,1.0,550,20
transition_count,dta_confirmatory_feature_sweep_transition_count_v20_t50_seed101.json,confirmatory_feature_sweep,all,0.09999999999999998,,0.6881303184828738,0.9,candidate_all,0.99,0.18326530612244898,101,test_by_task,7,50,0.98,550,20
transition_count,dta_confirmatory_feature_sweep_transition_count_v20_t50_seed101.json,confirmatory_feature_sweep,all,0.09999999999999998,,0.7021316239806998,0.9,candidate_all,0.99,0.17836734693877554,101,test_by_task,8,50,0.98,550,20
transition_count,dta_confirmatory_feature_sweep_transition_count_v20_t50_seed101.json,confirmatory_feature_sweep,all,0.09999999999999998,,0.8269464174497654,0.9,candidate_all,1.0,0.19224489795918365,101,test_by_task,9,50,1.0,550,20
transition_count,dta_confirmatory_feature_sweep_transition_count_v20_t50_seed202.json,confirmatory_feature_sweep,,,,0.7908302757225633,,baseline,1.0,0.19346938775510203,202,test_by_task,0,50,1.0,550,20
transition_count,dta_confirmatory_feature_sweep_transition_count_v20_t50_seed202.json,confirmatory_feature_sweep,,,,0.7259813033904584,,baseline,1.0,0.1889795918367347,202,test_by_task,1,50,1.0,550,20
transition_count,dta_confirmatory_feature_sweep_transition_count_v20_t50_seed202.json,confirmatory_feature_sweep,,,,0.5482055116090617,,baseline,0.9828571428571429,0.18653061224489798,202,test_by_task,10,50,0.98,550,20
transition_count,dta_confirmatory_feature_sweep_transition_count_v20_t50_seed202.json,confirmatory_feature_sweep,,,,0.8988052987811314,,baseline,0.9833333333333333,0.19714285714285715,202,test_by_task,2,50,0.98,550,20
transition_count,dta_confirmatory_feature_sweep_transition_count_v20_t50_seed202.json,confirmatory_feature_sweep,,,,0.7682637189773813,,baseline,0.9368356374807988,0.17877551020408164,202,test_by_task,3,50,0.92,550,20
transition_count,dta_confirmatory_feature_sweep_transition_count_v20_t50_seed202.json,confirmatory_feature_sweep,,,,0.7960527208688724,,baseline,0.9653333333333333,0.1906122448979592,202,test_by_task,4,50,0.96,550,20
transition_count,dta_confirmatory_feature_sweep_transition_count_v20_t50_seed202.json,confirmatory_feature_sweep,,,,0.48718804987096836,,baseline,0.9053578176209756,0.17673469387755103,202,test_by_task,5,50,0.88,550,20
transition_count,dta_confirmatory_feature_sweep_transition_count_v20_t50_seed202.json,confirmatory_feature_sweep,,,,0.5988028151953745,,baseline,0.9808695652173912,0.16612244897959183,202,test_by_task,6,50,0.98,550,20
transition_count,dta_confirmatory_feature_sweep_transition_count_v20_t50_seed202.json,confirmatory_feature_sweep,,,,0.6561080997787725,,baseline,0.97125,0.1746938775510204,202,test_by_task,7,50,0.96,550,20
transition_count,dta_confirmatory_feature_sweep_transition_count_v20_t50_seed202.json,confirmatory_feature_sweep,,,,0.7134498011553561,,baseline,0.9547692307692307,0.1820408163265306,202,test_by_task,8,50,0.94,550,20
transition_count,dta_confirmatory_feature_sweep_transition_count_v20_t50_seed202.json,confirmatory_feature_sweep,,,,0.8732246272514509,,baseline,1.0,0.19836734693877553,202,test_by_task,9,50,1.0,550,20
transition_count,dta_confirmatory_feature_sweep_transition_count_v20_t50_seed202.json,confirmatory_feature_sweep,length_only,0.09999999999999998,,0.7754321389289833,0.9,candidate_length_only,1.0,0.19224489795918365,202,test_by_task,0,50,1.0,550,20
transition_count,dta_confirmatory_feature_sweep_transition_count_v20_t50_seed202.json,confirmatory_feature_sweep,length_only,0.09999999999999998,,0.7672630795475738,0.9,candidate_length_only,1.0,0.19551020408163264,202,test_by_task,1,50,1.0,550,20
transition_count,dta_confirmatory_feature_sweep_transition_count_v20_t50_seed202.json,confirmatory_feature_sweep,length_only,0.09999999999999998,,0.6797054564235764,0.9,candidate_length_only,0.9828571428571429,0.19346938775510203,202,test_by_task,10,50,0.98,550,20
transition_count,dta_confirmatory_feature_sweep_transition_count_v20_t50_seed202.json,confirmatory_feature_sweep,length_only,0.09999999999999998,,0.8938021529433371,0.9,candidate_length_only,0.9840000000000001,0.19755102040816325,202,test_by_task,2,50,0.98,550,20
transition_count,dta_confirmatory_feature_sweep_transition_count_v20_t50_seed202.json,confirmatory_feature_sweep,length_only,0.09999999999999998,,0.8135318958722284,0.9,candidate_length_only,0.9316872710622711,0.18326530612244898,202,test_by_task,3,50,0.92,550,20
transition_count,dta_confirmatory_feature_sweep_transition_count_v20_t50_seed202.json,confirmatory_feature_sweep,length_only,0.09999999999999998,,0.7830051203023841,0.9,candidate_length_only,0.96,0.19224489795918365,202,test_by_task,4,50,0.94,550,20
transition_count,dta_confirmatory_feature_sweep_transition_count_v20_t50_seed202.json,confirmatory_feature_sweep,length_only,0.09999999999999998,,0.5058455971658696,0.9,candidate_length_only,0.9094871794871794,0.17836734693877554,202,test_by_task,5,50,0.88,550,20
transition_count,dta_confirmatory_feature_sweep_transition_count_v20_t50_seed202.json,confirmatory_feature_sweep,length_only,0.09999999999999998,,0.5868766640084074,0.9,candidate_length_only,0.9818181818181819,0.16693877551020406,202,test_by_task,6,50,0.98,550,20
transition_count,dta_confirmatory_feature_sweep_transition_count_v20_t50_seed202.json,confirmatory_feature_sweep,length_only,0.09999999999999998,,0.7079688022710949,0.9,candidate_length_only,0.9711111111111111,0.18775510204081633,202,test_by_task,7,50,0.96,550,20
transition_count,dta_confirmatory_feature_sweep_transition_count_v20_t50_seed202.json,confirmatory_feature_sweep,length_only,0.09999999999999998,,0.7673795028028407,0.9,candidate_length_only,0.9538888888888889,0.18612244897959182,202,test_by_task,8,50,0.94,550,20
transition_count,dta_confirmatory_feature_sweep_transition_count_v20_t50_seed202.json,confirmatory_feature_sweep,length_only,0.09999999999999998,,0.8852286534992246,0.9,candidate_length_only,1.0,0.19836734693877553,202,test_by_task,9,50,1.0,550,20
transition_count,dta_confirmatory_feature_sweep_transition_count_v20_t50_seed202.json,confirmatory_feature_sweep,size_depth,0.09999999999999998,,0.7973098660068925,0.9,candidate_size_depth,1.0,0.19306122448979593,202,test_by_task,0,50,1.0,550,20
transition_count,dta_confirmatory_feature_sweep_transition_count_v20_t50_seed202.json,confirmatory_feature_sweep,size_depth,0.09999999999999998,,0.7497416946986395,0.9,candidate_size_depth,1.0,0.19183673469387755,202,test_by_task,1,50,1.0,550,20
transition_count,dta_confirmatory_feature_sweep_transition_count_v20_t50_seed202.json,confirmatory_feature_sweep,size_depth,0.09999999999999998,,0.6145231494759585,0.9,candidate_size_depth,0.9833333333333333,0.18979591836734694,202,test_by_task,10,50,0.98,550,20
transition_count,dta_confirmatory_feature_sweep_transition_count_v20_t50_seed202.json,confirmatory_feature_sweep,size_depth,0.09999999999999998,,0.8916189853905122,0.9,candidate_size_depth,0.9840000000000001,0.20081632653061224,202,test_by_task,2,50,0.98,550,20
transition_count,dta_confirmatory_feature_sweep_transition_count_v20_t50_seed202.json,confirmatory_feature_sweep,size_depth,0.09999999999999998,,0.7938199636338257,0.9,candidate_size_depth,0.9407407407407408,0.18244897959183676,202,test_by_task,3,50,0.92,550,20
transition_count,dta_confirmatory_feature_sweep_transition_count_v20_t50_seed202.json,confirmatory_feature_sweep,size_depth,0.09999999999999998,,0.7884907136313489,0.9,candidate_size_depth,0.9658181818181818,0.1906122448979592,202,test_by_task,4,50,0.96,550,20
transition_count,dta_confirmatory_feature_sweep_transition_count_v20_t50_seed202.json,confirmatory_feature_sweep,size_depth,0.09999999999999998,,0.5078442153302183,0.9,candidate_size_depth,0.9001547714514835,0.18,202,test_by_task,5,50,0.88,550,20
transition_count,dta_confirmatory_feature_sweep_transition_count_v20_t50_seed202.json,confirmatory_feature_sweep,size_depth,0.09999999999999998,,0.5973124681692582,0.9,candidate_size_depth,0.9813333333333334,0.16938775510204082,202,test_by_task,6,50,0.98,550,20
transition_count,dta_confirmatory_feature_sweep_transition_count_v20_t50_seed202.json,confirmatory_feature_sweep,size_depth,0.09999999999999998,,0.6950386978448347,0.9,candidate_size_depth,0.980952380952381,0.18653061224489798,202,test_by_task,7,50,0.98,550,20
transition_count,dta_confirmatory_feature_sweep_transition_count_v20_t50_seed202.json,confirmatory_feature_sweep,size_depth,0.09999999999999998,,0.7354477572493184,0.9,candidate_size_depth,0.9565384615384616,0.1820408163265306,202,test_by_task,8,50,0.94,550,20
transition_count,dta_confirmatory_feature_sweep_transition_count_v20_t50_seed202.json,confirmatory_feature_sweep,size_depth,0.09999999999999998,,0.8874798171835007,0.9,candidate_size_depth,1.0,0.2,202,test_by_task,9,50,1.0,550,20
transition_count,dta_confirmatory_feature_sweep_transition_count_v20_t50_seed202.json,confirmatory_feature_sweep,branching,0.010000000000000009,,0.7876181927472926,0.99,candidate_branching,0.99,0.19224489795918365,202,test_by_task,0,50,0.98,550,20
transition_count,dta_confirmatory_feature_sweep_transition_count_v20_t50_seed202.json,confirmatory_feature_sweep,branching,0.010000000000000009,,0.7237564900283208,0.99,candidate_branching,1.0,0.18857142857142858,202,test_by_task,1,50,1.0,550,20
transition_count,dta_confirmatory_feature_sweep_transition_count_v20_t50_seed202.json,confirmatory_feature_sweep,branching,0.010000000000000009,,0.5491446574912893,0.99,candidate_branching,0.9828571428571429,0.18816326530612243,202,test_by_task,10,50,0.98,550,20
transition_count,dta_confirmatory_feature_sweep_transition_count_v20_t50_seed202.json,confirmatory_feature_sweep,branching,0.010000000000000009,,0.8975561747157932,0.99,candidate_branching,0.9833333333333333,0.19714285714285715,202,test_by_task,2,50,0.98,550,20
transition_count,dta_confirmatory_feature_sweep_transition_count_v20_t50_seed202.json,confirmatory_feature_sweep,branching,0.010000000000000009,,0.7723050636229746,0.99,candidate_branching,0.9368154761904762,0.17959183673469387,202,test_by_task,3,50,0.92,550,20
transition_count,dta_confirmatory_feature_sweep_transition_count_v20_t50_seed202.json,confirmatory_feature_sweep,branching,0.010000000000000009,,0.7971351785633378,0.99,candidate_branching,0.9651515151515152,0.19020408163265304,202,test_by_task,4,50,0.96,550,20
transition_count,dta_confirmatory_feature_sweep_transition_count_v20_t50_seed202.json,confirmatory_feature_sweep,branching,0.010000000000000009,,0.48618985701476924,0.99,candidate_branching,0.9081413392636521,0.17755102040816326,202,test_by_task,5,50,0.88,550,20
transition_count,dta_confirmatory_feature_sweep_transition_count_v20_t50_seed202.json,confirmatory_feature_sweep,branching,0.010000000000000009,,0.5981354645587159,0.99,candidate_branching,0.9808695652173912,0.16612244897959183,202,test_by_task,6,50,0.98,550,20
transition_count,dta_confirmatory_feature_sweep_transition_count_v20_t50_seed202.json,confirmatory_feature_sweep,branching,0.010000000000000009,,0.6581219768125384,0.99,candidate_branching,0.97125,0.1746938775510204,202,test_by_task,7,50,0.96,550,20
transition_count,dta_confirmatory_feature_sweep_transition_count_v20_t50_seed202.json,confirmatory_feature_sweep,branching,0.010000000000000009,,0.7141432830882283,0.99,candidate_branching,0.9547692307692307,0.1820408163265306,202,test_by_task,8,50,0.94,550,20
transition_count,dta_confirmatory_feature_sweep_transition_count_v20_t50_seed202.json,confirmatory_feature_sweep,branching,0.010000000000000009,,0.8735093135453259,0.99,candidate_branching,1.0,0.19755102040816325,202,test_by_task,9,50,1.0,550,20
transition_count,dta_confirmatory_feature_sweep_transition_count_v20_t50_seed202.json,confirmatory_feature_sweep,metric_distortion,0.030000000000000027,,0.8155433909196345,0.97,candidate_metric_distortion,1.0,0.19632653061224492,202,test_by_task,0,50,1.0,550,20
transition_count,dta_confirmatory_feature_sweep_transition_count_v20_t50_seed202.json,confirmatory_feature_sweep,metric_distortion,0.030000000000000027,,0.7538282109533473,0.97,candidate_metric_distortion,1.0,0.1926530612244898,202,test_by_task,1,50,1.0,550,20
transition_count,dta_confirmatory_feature_sweep_transition_count_v20_t50_seed202.json,confirmatory_feature_sweep,metric_distortion,0.030000000000000027,,0.5579160274483584,0.97,candidate_metric_distortion,0.9825,0.1889795918367347,202,test_by_task,10,50,0.98,550,20
transition_count,dta_confirmatory_feature_sweep_transition_count_v20_t50_seed202.json,confirmatory_feature_sweep,metric_distortion,0.030000000000000027,,0.9010211902036563,0.97,candidate_metric_distortion,0.9840000000000001,0.19918367346938776,202,test_by_task,2,50,0.98,550,20
transition_count,dta_confirmatory_feature_sweep_transition_count_v20_t50_seed202.json,confirmatory_feature_sweep,metric_distortion,0.030000000000000027,,0.7864866929075528,0.97,candidate_metric_distortion,0.9390740740740741,0.18122448979591838,202,test_by_task,3,50,0.92,550,20
transition_count,dta_confirmatory_feature_sweep_transition_count_v20_t50_seed202.json,confirmatory_feature_sweep,metric_distortion,0.030000000000000027,,0.7883364048185574,0.97,candidate_metric_distortion,0.9625384615384616,0.1906122448979592,202,test_by_task,4,50,0.96,550,20
transition_count,dta_confirmatory_feature_sweep_transition_count_v20_t50_seed202.json,confirmatory_feature_sweep,metric_distortion,0.030000000000000027,,0.48901329736126853,0.97,candidate_metric_distortion,0.9049485891917743,0.17795918367346938,202,test_by_task,5,50,0.88,550,20
transition_count,dta_confirmatory_feature_sweep_transition_count_v20_t50_seed202.json,confirmatory_feature_sweep,metric_distortion,0.030000000000000027,,0.6019011970386388,0.97,candidate_metric_distortion,0.980952380952381,0.16612244897959183,202,test_by_task,6,50,0.98,550,20
transition_count,dta_confirmatory_feature_sweep_transition_count_v20_t50_seed202.json,confirmatory_feature_sweep,metric_distortion,0.030000000000000027,,0.6578845544372123,0.97,candidate_metric_distortion,0.97125,0.17551020408163265,202,test_by_task,7,50,0.96,550,20
transition_count,dta_confirmatory_feature_sweep_transition_count_v20_t50_seed202.json,confirmatory_feature_sweep,metric_distortion,0.030000000000000027,,0.7114941119203004,0.97,candidate_metric_distortion,0.9548333333333333,0.1820408163265306,202,test_by_task,8,50,0.94,550,20
transition_count,dta_confirmatory_feature_sweep_transition_count_v20_t50_seed202.json,confirmatory_feature_sweep,metric_distortion,0.030000000000000027,,0.8724188167311546,0.97,candidate_metric_distortion,1.0,0.19755102040816325,202,test_by_task,9,50,1.0,550,20
transition_count,dta_confirmatory_feature_sweep_transition_count_v20_t50_seed202.json,confirmatory_feature_sweep,shape,0.09999999999999998,,0.7789248217137421,0.9,candidate_shape,1.0,0.19224489795918365,202,test_by_task,0,50,1.0,550,20
transition_count,dta_confirmatory_feature_sweep_transition_count_v20_t50_seed202.json,confirmatory_feature_sweep,shape,0.09999999999999998,,0.7263080239103252,0.9,candidate_shape,1.0,0.18857142857142858,202,test_by_task,1,50,1.0,550,20
transition_count,dta_confirmatory_feature_sweep_transition_count_v20_t50_seed202.json,confirmatory_feature_sweep,shape,0.09999999999999998,,0.5853270162903972,0.9,candidate_shape,0.985,0.19102040816326532,202,test_by_task,10,50,0.98,550,20
transition_count,dta_confirmatory_feature_sweep_transition_count_v20_t50_seed202.json,confirmatory_feature_sweep,shape,0.09999999999999998,,0.8910733515640011,0.9,candidate_shape,0.9840000000000001,0.19877551020408163,202,test_by_task,2,50,0.98,550,20
transition_count,dta_confirmatory_feature_sweep_transition_count_v20_t50_seed202.json,confirmatory_feature_sweep,shape,0.09999999999999998,,0.7982108426042898,0.9,candidate_shape,0.9380229885057472,0.18244897959183676,202,test_by_task,3,50,0.92,550,20
transition_count,dta_confirmatory_feature_sweep_transition_count_v20_t50_seed202.json,confirmatory_feature_sweep,shape,0.09999999999999998,,0.7981135558614838,0.9,candidate_shape,0.9711764705882353,0.1906122448979592,202,test_by_task,4,50,0.96,550,20
transition_count,dta_confirmatory_feature_sweep_transition_count_v20_t50_seed202.json,confirmatory_feature_sweep,shape,0.09999999999999998,,0.49029754038809864,0.9,candidate_shape,0.9124693422519509,0.18040816326530615,202,test_by_task,5,50,0.88,550,20
transition_count,dta_confirmatory_feature_sweep_transition_count_v20_t50_seed202.json,confirmatory_feature_sweep,shape,0.09999999999999998,,0.5960199953565138,0.9,candidate_shape,0.981,0.16775510204081634,202,test_by_task,6,50,0.98,550,20
transition_count,dta_confirmatory_feature_sweep_transition_count_v20_t50_seed202.json,confirmatory_feature_sweep,shape,0.09999999999999998,,0.6870072108115685,0.9,candidate_shape,0.971,0.18285714285714286,202,test_by_task,7,50,0.96,550,20
transition_count,dta_confirmatory_feature_sweep_transition_count_v20_t50_seed202.json,confirmatory_feature_sweep,shape,0.09999999999999998,,0.727507178406496,0.9,candidate_shape,0.9659090909090909,0.18244897959183676,202,test_by_task,8,50,0.96,550,20
transition_count,dta_confirmatory_feature_sweep_transition_count_v20_t50_seed202.json,confirmatory_feature_sweep,shape,0.09999999999999998,,0.8861462011673633,0.9,candidate_shape,1.0,0.19918367346938776,202,test_by_task,9,50,1.0,550,20
transition_count,dta_confirmatory_feature_sweep_transition_count_v20_t50_seed202.json,confirmatory_feature_sweep,all,0.09999999999999998,,0.8068983633226529,0.9,candidate_all,1.0,0.19510204081632654,202,test_by_task,0,50,1.0,550,20
transition_count,dta_confirmatory_feature_sweep_transition_count_v20_t50_seed202.json,confirmatory_feature_sweep,all,0.09999999999999998,,0.7513054227322377,0.9,candidate_all,1.0,0.19183673469387755,202,test_by_task,1,50,1.0,550,20
transition_count,dta_confirmatory_feature_sweep_transition_count_v20_t50_seed202.json,confirmatory_feature_sweep,all,0.09999999999999998,,0.5831629847519612,0.9,candidate_all,0.985,0.19142857142857142,202,test_by_task,10,50,0.98,550,20
transition_count,dta_confirmatory_feature_sweep_transition_count_v20_t50_seed202.json,confirmatory_feature_sweep,all,0.09999999999999998,,0.8948006853972337,0.9,candidate_all,0.9840000000000001,0.20040816326530614,202,test_by_task,2,50,0.98,550,20
transition_count,dta_confirmatory_feature_sweep_transition_count_v20_t50_seed202.json,confirmatory_feature_sweep,all,0.09999999999999998,,0.8043159395396111,0.9,candidate_all,0.9407407407407408,0.1840816326530612,202,test_by_task,3,50,0.92,550,20
transition_count,dta_confirmatory_feature_sweep_transition_count_v20_t50_seed202.json,confirmatory_feature_sweep,all,0.09999999999999998,,0.7900409591015811,0.9,candidate_all,0.9536904761904762,0.19020408163265304,202,test_by_task,4,50,0.94,550,20
transition_count,dta_confirmatory_feature_sweep_transition_count_v20_t50_seed202.json,confirmatory_feature_sweep,all,0.09999999999999998,,0.49083708846851226,0.9,candidate_all,0.9108069381598792,0.18040816326530615,202,test_by_task,5,50,0.88,550,20
transition_count,dta_confirmatory_feature_sweep_transition_count_v20_t50_seed202.json,confirmatory_feature_sweep,all,0.09999999999999998,,0.6001935382942878,0.9,candidate_all,0.981,0.16653061224489796,202,test_by_task,6,50,0.98,550,20
transition_count,dta_confirmatory_feature_sweep_transition_count_v20_t50_seed202.json,confirmatory_feature_sweep,all,0.09999999999999998,,0.6826563066215257,0.9,candidate_all,0.971,0.1816326530612245,202,test_by_task,7,50,0.96,550,20
transition_count,dta_confirmatory_feature_sweep_transition_count_v20_t50_seed202.json,confirmatory_feature_sweep,all,0.09999999999999998,,0.7189667853802879,0.9,candidate_all,0.9575757575757575,0.1820408163265306,202,test_by_task,8,50,0.94,550,20
transition_count,dta_confirmatory_feature_sweep_transition_count_v20_t50_seed202.json,confirmatory_feature_sweep,all,0.09999999999999998,,0.883814851638499,0.9,candidate_all,1.0,0.19877551020408163,202,test_by_task,9,50,1.0,550,20
transition_count,dta_confirmatory_feature_sweep_transition_count_v20_t50_seed303.json,confirmatory_feature_sweep,,,,0.8566770142811881,,baseline,1.0,0.1959183673469388,303,test_by_task,0,50,1.0,550,20
transition_count,dta_confirmatory_feature_sweep_transition_count_v20_t50_seed303.json,confirmatory_feature_sweep,,,,0.7737216098761224,,baseline,1.0,0.19346938775510203,303,test_by_task,1,50,1.0,550,20
transition_count,dta_confirmatory_feature_sweep_transition_count_v20_t50_seed303.json,confirmatory_feature_sweep,,,,0.5605598930574925,,baseline,0.99,0.18326530612244898,303,test_by_task,10,50,0.98,550,20
transition_count,dta_confirmatory_feature_sweep_transition_count_v20_t50_seed303.json,confirmatory_feature_sweep,,,,0.8902242606337313,,baseline,0.9822222222222223,0.19551020408163264,303,test_by_task,2,50,0.98,550,20
transition_count,dta_confirmatory_feature_sweep_transition_count_v20_t50_seed303.json,confirmatory_feature_sweep,,,,0.8765102207932911,,baseline,0.9801612903225806,0.1959183673469388,303,test_by_task,3,50,0.98,550,20
transition_count,dta_confirmatory_feature_sweep_transition_count_v20_t50_seed303.json,confirmatory_feature_sweep,,,,0.7879847326297031,,baseline,0.98,0.19673469387755102,303,test_by_task,4,50,0.96,550,20
transition_count,dta_confirmatory_feature_sweep_transition_count_v20_t50_seed303.json,confirmatory_feature_sweep,,,,0.5071875020838652,,baseline,0.9198095238095237,0.17673469387755103,303,test_by_task,5,50,0.9,550,20
transition_count,dta_confirmatory_feature_sweep_transition_count_v20_t50_seed303.json,confirmatory_feature_sweep,,,,0.7434157353135495,,baseline,1.0,0.18244897959183676,303,test_by_task,6,50,1.0,550,20
transition_count,dta_confirmatory_feature_sweep_transition_count_v20_t50_seed303.json,confirmatory_feature_sweep,,,,0.787299600986098,,baseline,0.99,0.18571428571428572,303,test_by_task,7,50,0.98,550,20
transition_count,dta_confirmatory_feature_sweep_transition_count_v20_t50_seed303.json,confirmatory_feature_sweep,,,,0.7419633023931624,,baseline,0.9714285714285714,0.18816326530612243,303,test_by_task,8,50,0.96,550,20
transition_count,dta_confirmatory_feature_sweep_transition_count_v20_t50_seed303.json,confirmatory_feature_sweep,,,,0.8990371398058568,,baseline,1.0,0.19877551020408163,303,test_by_task,9,50,1.0,550,20
transition_count,dta_confirmatory_feature_sweep_transition_count_v20_t50_seed303.json,confirmatory_feature_sweep,length_only,0.09999999999999998,,0.828057487301815,0.9,candidate_length_only,1.0,0.19551020408163264,303,test_by_task,0,50,1.0,550,20
transition_count,dta_confirmatory_feature_sweep_transition_count_v20_t50_seed303.json,confirmatory_feature_sweep,length_only,0.09999999999999998,,0.7754957794696905,0.9,candidate_length_only,0.99,0.19387755102040816,303,test_by_task,1,50,0.98,550,20
transition_count,dta_confirmatory_feature_sweep_transition_count_v20_t50_seed303.json,confirmatory_feature_sweep,length_only,0.09999999999999998,,0.7118758197907984,0.9,candidate_length_only,1.0,0.18857142857142858,303,test_by_task,10,50,1.0,550,20
transition_count,dta_confirmatory_feature_sweep_transition_count_v20_t50_seed303.json,confirmatory_feature_sweep,length_only,0.09999999999999998,,0.873380796062757,0.9,candidate_length_only,0.9718181818181819,0.19306122448979593,303,test_by_task,2,50,0.96,550,20
transition_count,dta_confirmatory_feature_sweep_transition_count_v20_t50_seed303.json,confirmatory_feature_sweep,length_only,0.09999999999999998,,0.916527610276813,0.9,candidate_length_only,0.9802439024390245,0.19877551020408163,303,test_by_task,3,50,0.98,550,20
transition_count,dta_confirmatory_feature_sweep_transition_count_v20_t50_seed303.json,confirmatory_feature_sweep,length_only,0.09999999999999998,,0.7716286334774406,0.9,candidate_length_only,0.98,0.19836734693877553,303,test_by_task,4,50,0.96,550,20
transition_count,dta_confirmatory_feature_sweep_transition_count_v20_t50_seed303.json,confirmatory_feature_sweep,length_only,0.09999999999999998,,0.5395744214190475,0.9,candidate_length_only,0.9238882510524301,0.18,303,test_by_task,5,50,0.9,550,20
transition_count,dta_confirmatory_feature_sweep_transition_count_v20_t50_seed303.json,confirmatory_feature_sweep,length_only,0.09999999999999998,,0.735220036328252,0.9,candidate_length_only,1.0,0.18122448979591838,303,test_by_task,6,50,1.0,550,20
transition_count,dta_confirmatory_feature_sweep_transition_count_v20_t50_seed303.json,confirmatory_feature_sweep,length_only,0.09999999999999998,,0.8480630118055784,0.9,candidate_length_only,1.0,0.19673469387755102,303,test_by_task,7,50,1.0,550,20
transition_count,dta_confirmatory_feature_sweep_transition_count_v20_t50_seed303.json,confirmatory_feature_sweep,length_only,0.09999999999999998,,0.7892590623936774,0.9,candidate_length_only,0.975,0.18775510204081633,303,test_by_task,8,50,0.96,550,20
transition_count,dta_confirmatory_feature_sweep_transition_count_v20_t50_seed303.json,confirmatory_feature_sweep,length_only,0.09999999999999998,,0.9127803881516516,0.9,candidate_length_only,1.0,0.19755102040816325,303,test_by_task,9,50,1.0,550,20
transition_count,dta_confirmatory_feature_sweep_transition_count_v20_t50_seed303.json,confirmatory_feature_sweep,size_depth,0.09999999999999998,,0.8544626216603067,0.9,candidate_size_depth,1.0,0.19918367346938776,303,test_by_task,0,50,1.0,550,20
transition_count,dta_confirmatory_feature_sweep_transition_count_v20_t50_seed303.json,confirmatory_feature_sweep,size_depth,0.09999999999999998,,0.7770713280220615,0.9,candidate_size_depth,1.0,0.19346938775510203,303,test_by_task,1,50,1.0,550,20
transition_count,dta_confirmatory_feature_sweep_transition_count_v20_t50_seed303.json,confirmatory_feature_sweep,size_depth,0.09999999999999998,,0.6251596633679655,0.9,candidate_size_depth,1.0,0.18571428571428572,303,test_by_task,10,50,1.0,550,20
transition_count,dta_confirmatory_feature_sweep_transition_count_v20_t50_seed303.json,confirmatory_feature_sweep,size_depth,0.09999999999999998,,0.8661500739218942,0.9,candidate_size_depth,1.0,0.19387755102040816,303,test_by_task,2,50,1.0,550,20
transition_count,dta_confirmatory_feature_sweep_transition_count_v20_t50_seed303.json,confirmatory_feature_sweep,size_depth,0.09999999999999998,,0.909340501430766,0.9,candidate_size_depth,0.9801666666666666,0.19877551020408163,303,test_by_task,3,50,0.98,550,20
transition_count,dta_confirmatory_feature_sweep_transition_count_v20_t50_seed303.json,confirmatory_feature_sweep,size_depth,0.09999999999999998,,0.7867275218686587,0.9,candidate_size_depth,0.98,0.19877551020408163,303,test_by_task,4,50,0.96,550,20
transition_count,dta_confirmatory_feature_sweep_transition_count_v20_t50_seed303.json,confirmatory_feature_sweep,size_depth,0.09999999999999998,,0.5386705462302593,0.9,candidate_size_depth,0.9179468864468865,0.17959183673469387,303,test_by_task,5,50,0.9,550,20
transition_count,dta_confirmatory_feature_sweep_transition_count_v20_t50_seed303.json,confirmatory_feature_sweep,size_depth,0.09999999999999998,,0.7383272271735066,0.9,candidate_size_depth,1.0,0.1820408163265306,303,test_by_task,6,50,1.0,550,20
transition_count,dta_confirmatory_feature_sweep_transition_count_v20_t50_seed303.json,confirmatory_feature_sweep,size_depth,0.09999999999999998,,0.8013616764268996,0.9,candidate_size_depth,0.99,0.1893877551020408,303,test_by_task,7,50,0.98,550,20
transition_count,dta_confirmatory_feature_sweep_transition_count_v20_t50_seed303.json,confirmatory_feature_sweep,size_depth,0.09999999999999998,,0.7706319724564392,0.9,candidate_size_depth,0.985,0.18857142857142858,303,test_by_task,8,50,0.98,550,20
transition_count,dta_confirmatory_feature_sweep_transition_count_v20_t50_seed303.json,confirmatory_feature_sweep,size_depth,0.09999999999999998,,0.9182301307495382,0.9,candidate_size_depth,1.0,0.20081632653061224,303,test_by_task,9,50,1.0,550,20
transition_count,dta_confirmatory_feature_sweep_transition_count_v20_t50_seed303.json,confirmatory_feature_sweep,branching,0.0,,0.8566770142811881,1.0,candidate_branching,1.0,0.1959183673469388,303,test_by_task,0,50,1.0,550,20
transition_count,dta_confirmatory_feature_sweep_transition_count_v20_t50_seed303.json,confirmatory_feature_sweep,branching,0.0,,0.7737216098761224,1.0,candidate_branching,1.0,0.19346938775510203,303,test_by_task,1,50,1.0,550,20
transition_count,dta_confirmatory_feature_sweep_transition_count_v20_t50_seed303.json,confirmatory_feature_sweep,branching,0.0,,0.5605598930574925,1.0,candidate_branching,0.99,0.18326530612244898,303,test_by_task,10,50,0.98,550,20
transition_count,dta_confirmatory_feature_sweep_transition_count_v20_t50_seed303.json,confirmatory_feature_sweep,branching,0.0,,0.8902242606337313,1.0,candidate_branching,0.9822222222222223,0.19551020408163264,303,test_by_task,2,50,0.98,550,20
transition_count,dta_confirmatory_feature_sweep_transition_count_v20_t50_seed303.json,confirmatory_feature_sweep,branching,0.0,,0.8765102207932911,1.0,candidate_branching,0.9801612903225806,0.1959183673469388,303,test_by_task,3,50,0.98,550,20
transition_count,dta_confirmatory_feature_sweep_transition_count_v20_t50_seed303.json,confirmatory_feature_sweep,branching,0.0,,0.7879847326297031,1.0,candidate_branching,0.98,0.19673469387755102,303,test_by_task,4,50,0.96,550,20
transition_count,dta_confirmatory_feature_sweep_transition_count_v20_t50_seed303.json,confirmatory_feature_sweep,branching,0.0,,0.5071873941682552,1.0,candidate_branching,0.9198095238095237,0.17673469387755103,303,test_by_task,5,50,0.9,550,20
transition_count,dta_confirmatory_feature_sweep_transition_count_v20_t50_seed303.json,confirmatory_feature_sweep,branching,0.0,,0.7434157353135495,1.0,candidate_branching,1.0,0.18244897959183676,303,test_by_task,6,50,1.0,550,20
transition_count,dta_confirmatory_feature_sweep_transition_count_v20_t50_seed303.json,confirmatory_feature_sweep,branching,0.0,,0.787299600986098,1.0,candidate_branching,0.99,0.18571428571428572,303,test_by_task,7,50,0.98,550,20
transition_count,dta_confirmatory_feature_sweep_transition_count_v20_t50_seed303.json,confirmatory_feature_sweep,branching,0.0,,0.7419633023931624,1.0,candidate_branching,0.9714285714285714,0.18816326530612243,303,test_by_task,8,50,0.96,550,20
transition_count,dta_confirmatory_feature_sweep_transition_count_v20_t50_seed303.json,confirmatory_feature_sweep,branching,0.0,,0.8990371398058568,1.0,candidate_branching,1.0,0.19877551020408163,303,test_by_task,9,50,1.0,550,20
transition_count,dta_confirmatory_feature_sweep_transition_count_v20_t50_seed303.json,confirmatory_feature_sweep,metric_distortion,0.050000000000000044,,0.8810694154562505,0.95,candidate_metric_distortion,1.0,0.19877551020408163,303,test_by_task,0,50,1.0,550,20
transition_count,dta_confirmatory_feature_sweep_transition_count_v20_t50_seed303.json,confirmatory_feature_sweep,metric_distortion,0.050000000000000044,,0.7970416579983105,0.95,candidate_metric_distortion,1.0,0.1959183673469388,303,test_by_task,1,50,1.0,550,20
transition_count,dta_confirmatory_feature_sweep_transition_count_v20_t50_seed303.json,confirmatory_feature_sweep,metric_distortion,0.050000000000000044,,0.5702124221299488,0.95,candidate_metric_distortion,0.99,0.1840816326530612,303,test_by_task,10,50,0.98,550,20
transition_count,dta_confirmatory_feature_sweep_transition_count_v20_t50_seed303.json,confirmatory_feature_sweep,metric_distortion,0.050000000000000044,,0.8826831074694725,0.95,candidate_metric_distortion,0.9814285714285714,0.1946938775510204,303,test_by_task,2,50,0.98,550,20
transition_count,dta_confirmatory_feature_sweep_transition_count_v20_t50_seed303.json,confirmatory_feature_sweep,metric_distortion,0.050000000000000044,,0.907062011005919,0.95,candidate_metric_distortion,0.9801515151515151,0.19755102040816325,303,test_by_task,3,50,0.98,550,20
transition_count,dta_confirmatory_feature_sweep_transition_count_v20_t50_seed303.json,confirmatory_feature_sweep,metric_distortion,0.050000000000000044,,0.7731804084127911,0.95,candidate_metric_distortion,0.97,0.1959183673469388,303,test_by_task,4,50,0.94,550,20
transition_count,dta_confirmatory_feature_sweep_transition_count_v20_t50_seed303.json,confirmatory_feature_sweep,metric_distortion,0.050000000000000044,,0.5071454070548544,0.95,candidate_metric_distortion,0.9165049019607844,0.17755102040816326,303,test_by_task,5,50,0.9,550,20
transition_count,dta_confirmatory_feature_sweep_transition_count_v20_t50_seed303.json,confirmatory_feature_sweep,metric_distortion,0.050000000000000044,,0.7425899893003808,0.95,candidate_metric_distortion,1.0,0.1820408163265306,303,test_by_task,6,50,1.0,550,20
transition_count,dta_confirmatory_feature_sweep_transition_count_v20_t50_seed303.json,confirmatory_feature_sweep,metric_distortion,0.050000000000000044,,0.7769467337727094,0.95,candidate_metric_distortion,0.99,0.18326530612244898,303,test_by_task,7,50,0.98,550,20
transition_count,dta_confirmatory_feature_sweep_transition_count_v20_t50_seed303.json,confirmatory_feature_sweep,metric_distortion,0.050000000000000044,,0.7466824113503848,0.95,candidate_metric_distortion,0.982,0.18857142857142858,303,test_by_task,8,50,0.98,550,20
transition_count,dta_confirmatory_feature_sweep_transition_count_v20_t50_seed303.json,confirmatory_feature_sweep,metric_distortion,0.050000000000000044,,0.8978803081419122,0.95,candidate_metric_distortion,1.0,0.19877551020408163,303,test_by_task,9,50,1.0,550,20
transition_count,dta_confirmatory_feature_sweep_transition_count_v20_t50_seed303.json,confirmatory_feature_sweep,shape,0.030000000000000027,,0.8517591214475848,0.97,candidate_shape,1.0,0.19632653061224492,303,test_by_task,0,50,1.0,550,20
transition_count,dta_confirmatory_feature_sweep_transition_count_v20_t50_seed303.json,confirmatory_feature_sweep,shape,0.030000000000000027,,0.774353311733499,0.97,candidate_shape,1.0,0.19306122448979593,303,test_by_task,1,50,1.0,550,20
transition_count,dta_confirmatory_feature_sweep_transition_count_v20_t50_seed303.json,confirmatory_feature_sweep,shape,0.030000000000000027,,0.5679788023466085,0.97,candidate_shape,0.99,0.18448979591836737,303,test_by_task,10,50,0.98,550,20
transition_count,dta_confirmatory_feature_sweep_transition_count_v20_t50_seed303.json,confirmatory_feature_sweep,shape,0.030000000000000027,,0.8861521456444916,0.97,candidate_shape,0.9825,0.1942857142857143,303,test_by_task,2,50,0.98,550,20
transition_count,dta_confirmatory_feature_sweep_transition_count_v20_t50_seed303.json,confirmatory_feature_sweep,shape,0.030000000000000027,,0.88868457120199,0.97,candidate_shape,0.9801709401709402,0.19714285714285715,303,test_by_task,3,50,0.98,550,20
transition_count,dta_confirmatory_feature_sweep_transition_count_v20_t50_seed303.json,confirmatory_feature_sweep,shape,0.030000000000000027,,0.7956496322520423,0.97,candidate_shape,0.98,0.19836734693877553,303,test_by_task,4,50,0.96,550,20
transition_count,dta_confirmatory_feature_sweep_transition_count_v20_t50_seed303.json,confirmatory_feature_sweep,shape,0.030000000000000027,,0.5077586317889249,0.97,candidate_shape,0.9174245472837022,0.17836734693877554,303,test_by_task,5,50,0.9,550,20
transition_count,dta_confirmatory_feature_sweep_transition_count_v20_t50_seed303.json,confirmatory_feature_sweep,shape,0.030000000000000027,,0.741525863662315,0.97,candidate_shape,1.0,0.18244897959183676,303,test_by_task,6,50,1.0,550,20
transition_count,dta_confirmatory_feature_sweep_transition_count_v20_t50_seed303.json,confirmatory_feature_sweep,shape,0.030000000000000027,,0.7949280457318898,0.97,candidate_shape,0.99,0.1869387755102041,303,test_by_task,7,50,0.98,550,20
transition_count,dta_confirmatory_feature_sweep_transition_count_v20_t50_seed303.json,confirmatory_feature_sweep,shape,0.030000000000000027,,0.7440617899664785,0.97,candidate_shape,0.9716666666666667,0.18775510204081633,303,test_by_task,8,50,0.96,550,20
transition_count,dta_confirmatory_feature_sweep_transition_count_v20_t50_seed303.json,confirmatory_feature_sweep,shape,0.030000000000000027,,0.9071442356253805,0.97,candidate_shape,1.0,0.19836734693877553,303,test_by_task,9,50,1.0,550,20
transition_count,dta_confirmatory_feature_sweep_transition_count_v20_t50_seed303.json,confirmatory_feature_sweep,all,0.09999999999999998,,0.8585471179058279,0.9,candidate_all,1.0,0.1979591836734694,303,test_by_task,0,50,1.0,550,20
transition_count,dta_confirmatory_feature_sweep_transition_count_v20_t50_seed303.json,confirmatory_feature_sweep,all,0.09999999999999998,,0.7846914508270281,0.9,candidate_all,1.0,0.19510204081632654,303,test_by_task,1,50,1.0,550,20
transition_count,dta_confirmatory_feature_sweep_transition_count_v20_t50_seed303.json,confirmatory_feature_sweep,all,0.09999999999999998,,0.5857913330689182,0.9,candidate_all,1.0,0.18816326530612243,303,test_by_task,10,50,1.0,550,20
transition_count,dta_confirmatory_feature_sweep_transition_count_v20_t50_seed303.json,confirmatory_feature_sweep,all,0.09999999999999998,,0.8754731180444064,0.9,candidate_all,0.9866666666666667,0.19346938775510203,303,test_by_task,2,50,0.98,550,20
transition_count,dta_confirmatory_feature_sweep_transition_count_v20_t50_seed303.json,confirmatory_feature_sweep,all,0.09999999999999998,,0.9163509358268633,0.9,candidate_all,0.9801626016260162,0.19836734693877553,303,test_by_task,3,50,0.98,550,20
transition_count,dta_confirmatory_feature_sweep_transition_count_v20_t50_seed303.json,confirmatory_feature_sweep,all,0.09999999999999998,,0.7953607626463001,0.9,candidate_all,0.99,0.19877551020408163,303,test_by_task,4,50,0.98,550,20
transition_count,dta_confirmatory_feature_sweep_transition_count_v20_t50_seed303.json,confirmatory_feature_sweep,all,0.09999999999999998,,0.5082651317133297,0.9,candidate_all,0.9208580008580008,0.18,303,test_by_task,5,50,0.9,550,20
transition_count,dta_confirmatory_feature_sweep_transition_count_v20_t50_seed303.json,confirmatory_feature_sweep,all,0.09999999999999998,,0.7381600029130858,0.9,candidate_all,1.0,0.1820408163265306,303,test_by_task,6,50,1.0,550,20
transition_count,dta_confirmatory_feature_sweep_transition_count_v20_t50_seed303.json,confirmatory_feature_sweep,all,0.09999999999999998,,0.7961812886013455,0.9,candidate_all,0.99,0.1873469387755102,303,test_by_task,7,50,0.98,550,20
transition_count,dta_confirmatory_feature_sweep_transition_count_v20_t50_seed303.json,confirmatory_feature_sweep,all,0.09999999999999998,,0.7469140187377381,0.9,candidate_all,0.9833333333333333,0.18816326530612243,303,test_by_task,8,50,0.98,550,20
transition_count,dta_confirmatory_feature_sweep_transition_count_v20_t50_seed303.json,confirmatory_feature_sweep,all,0.09999999999999998,,0.9150050176264698,0.9,candidate_all,1.0,0.19918367346938776,303,test_by_task,9,50,1.0,550,20
